<?xml version="1.0" encoding="UTF-8" standalone="no" ?>
<gpx xmlns="http://www.topografix.com/GPX/1/1" xmlns:gpxx="http://www.garmin.com/xmlschemas/GpxExtensions/v3" xmlns:gpxtpx="http://www.garmin.com/xmlschemas/TrackPointExtension/v1" creator="mapstogpx.com" version="1.1" xmlns:xsi="http://www.w3.org/2001/XMLSchema-instance" xsi:schemaLocation="http://www.topografix.com/GPX/1/1 http://www.topografix.com/GPX/1/1/gpx.xsd http://www.garmin.com/xmlschemas/GpxExtensions/v3 http://www.garmin.com/xmlschemas/GpxExtensionsv3.xsd http://www.garmin.com/xmlschemas/TrackPointExtension/v1 http://www.garmin.com/xmlschemas/TrackPointExtensionv1.xsd">
  <metadata>
    <link href="http://www.mapstogpx.com">
      <text>Sverrir Sigmundarson</text>
    </link>
    <!--desc>Powered by Google, ©2026 Google</desc-->
    <!--copyright author="Google Inc">
    	<year>2026</year>
    	<license>https://developers.google.com/maps/terms</license>
    </copyright-->
    <!--url>https://www.google.com/maps/dir/Beacon+Heights+Parking+Lot,+Linville,+NC+28646/Price+Park+Picnic+Area,+Unnamed+Road+%2328605,+Blowing+Rock,+NC+28605/@36.1117358,-81.8284902,11870m/data=!3m1!1e3!4m14!4m13!1m5!1m1!1s0x8850ec8f0eff0b27:0x19402406c390987d!2m2!1d-81.8301267!2d36.0838728!1m5!1m1!1s0x8850efd1bc1911c7:0xc6b23294314c719!2m2!1d-81.72734!2d36.1393824!3e2?entry=tts&g_ep=EgoyMDI2MDkyNy4wIPu8ASoASAFQAw%3D%3D&skid=1e57ff96-f3d3-4509-a45d-b1eb89a57e39&hl=en</url-->
    <time>2026-09-29T13:00:02Z</time>
  </metadata>
  <wpt lat="36.0838728" lon="-81.8301267">
    <name>Beacon Heights Parking Lot</name>
    <desc>Beacon Heights Parking Lot, Linville, NC 28646</desc>
  </wpt>
  <wpt lat="36.1393824" lon="-81.72734">
    <name>Price Park Picnic Area</name>
    <desc>Price Park Picnic Area, Unnamed Road #28605, Blowing Rock, NC 28605</desc>
  </wpt>
<trk>
  <name>Beacon Heights Parking Lot to Price Park Picnic Area</name>
  <number>1</number>
  <trkseg>
  <trkpt lat="36.0839423" lon="-81.8302186">
    <name>TP001</name>
  </trkpt>
  <trkpt lat="36.08403" lon="-81.83012">
    <name>TP002</name>
  </trkpt>
  <trkpt lat="36.08408" lon="-81.83007">
    <name>TP003</name>
  </trkpt>
  <trkpt lat="36.084077" lon="-81.8300694">
    <name>TP004</name>
  </trkpt>
  <trkpt lat="36.08396" lon="-81.82988">
    <name>TP005</name>
  </trkpt>
  <trkpt lat="36.0839563" lon="-81.8298775">
    <name>TP006</name>
  </trkpt>
  <trkpt lat="36.08405" lon="-81.82978">
    <name>TP007</name>
  </trkpt>
  <trkpt lat="36.08419" lon="-81.82963">
    <name>TP008</name>
  </trkpt>
  <trkpt lat="36.08422" lon="-81.82959">
    <name>TP009</name>
  </trkpt>
  <trkpt lat="36.08451" lon="-81.82944">
    <name>TP010</name>
  </trkpt>
  <trkpt lat="36.08468" lon="-81.82935">
    <name>TP011</name>
  </trkpt>
  <trkpt lat="36.08484" lon="-81.82926">
    <name>TP012</name>
  </trkpt>
  <trkpt lat="36.08499" lon="-81.82919">
    <name>TP013</name>
  </trkpt>
  <trkpt lat="36.085" lon="-81.82917">
    <name>TP014</name>
  </trkpt>
  <trkpt lat="36.08516" lon="-81.82907">
    <name>TP015</name>
  </trkpt>
  <trkpt lat="36.08522" lon="-81.82904">
    <name>TP016</name>
  </trkpt>
  <trkpt lat="36.08523" lon="-81.82889">
    <name>TP017</name>
  </trkpt>
  <trkpt lat="36.085228" lon="-81.8288913">
    <name>TP018</name>
  </trkpt>
  <trkpt lat="36.08524" lon="-81.82874">
    <name>TP019</name>
  </trkpt>
  <trkpt lat="36.08548" lon="-81.8288">
    <name>TP020</name>
  </trkpt>
  <trkpt lat="36.08551" lon="-81.82883">
    <name>TP021</name>
  </trkpt>
  <trkpt lat="36.0855103" lon="-81.8288264">
    <name>TP022</name>
  </trkpt>
  <trkpt lat="36.08555" lon="-81.82872">
    <name>TP023</name>
  </trkpt>
  <trkpt lat="36.0856" lon="-81.82864">
    <name>TP024</name>
  </trkpt>
  <trkpt lat="36.08562" lon="-81.82859">
    <name>TP025</name>
  </trkpt>
  <trkpt lat="36.08572" lon="-81.82843">
    <name>TP026</name>
  </trkpt>
  <trkpt lat="36.08581" lon="-81.82832">
    <name>TP027</name>
  </trkpt>
  <trkpt lat="36.08583" lon="-81.82829">
    <name>TP028</name>
  </trkpt>
  <trkpt lat="36.08592" lon="-81.8282">
    <name>TP029</name>
  </trkpt>
  <trkpt lat="36.08597" lon="-81.82815">
    <name>TP030</name>
  </trkpt>
  <trkpt lat="36.08604" lon="-81.82808">
    <name>TP031</name>
  </trkpt>
  <trkpt lat="36.08611" lon="-81.82801">
    <name>TP032</name>
  </trkpt>
  <trkpt lat="36.08619" lon="-81.82794">
    <name>TP033</name>
  </trkpt>
  <trkpt lat="36.08626" lon="-81.82788">
    <name>TP034</name>
  </trkpt>
  <trkpt lat="36.08639" lon="-81.82776">
    <name>TP035</name>
  </trkpt>
  <trkpt lat="36.08656" lon="-81.82762">
    <name>TP036</name>
  </trkpt>
  <trkpt lat="36.08667" lon="-81.82752">
    <name>TP037</name>
  </trkpt>
  <trkpt lat="36.08685" lon="-81.82737">
    <name>TP038</name>
  </trkpt>
  <trkpt lat="36.08686" lon="-81.82736">
    <name>TP039</name>
  </trkpt>
  <trkpt lat="36.08701" lon="-81.82725">
    <name>TP040</name>
  </trkpt>
  <trkpt lat="36.08715" lon="-81.82714">
    <name>TP041</name>
  </trkpt>
  <trkpt lat="36.08716" lon="-81.82713">
    <name>TP042</name>
  </trkpt>
  <trkpt lat="36.08733" lon="-81.82701">
    <name>TP043</name>
  </trkpt>
  <trkpt lat="36.08747" lon="-81.82691">
    <name>TP044</name>
  </trkpt>
  <trkpt lat="36.08756" lon="-81.82685">
    <name>TP045</name>
  </trkpt>
  <trkpt lat="36.08763" lon="-81.82681">
    <name>TP046</name>
  </trkpt>
  <trkpt lat="36.08773" lon="-81.82674">
    <name>TP047</name>
  </trkpt>
  <trkpt lat="36.08779" lon="-81.8267">
    <name>TP048</name>
  </trkpt>
  <trkpt lat="36.08787" lon="-81.82664">
    <name>TP049</name>
  </trkpt>
  <trkpt lat="36.08795" lon="-81.82659">
    <name>TP050</name>
  </trkpt>
  <trkpt lat="36.088" lon="-81.82656">
    <name>TP051</name>
  </trkpt>
  <trkpt lat="36.08811" lon="-81.82649">
    <name>TP052</name>
  </trkpt>
  <trkpt lat="36.08819" lon="-81.82644">
    <name>TP053</name>
  </trkpt>
  <trkpt lat="36.0883" lon="-81.82636">
    <name>TP054</name>
  </trkpt>
  <trkpt lat="36.08836" lon="-81.82632">
    <name>TP055</name>
  </trkpt>
  <trkpt lat="36.08841" lon="-81.82628">
    <name>TP056</name>
  </trkpt>
  <trkpt lat="36.08843" lon="-81.82625">
    <name>TP057</name>
  </trkpt>
  <trkpt lat="36.08845" lon="-81.82623">
    <name>TP058</name>
  </trkpt>
  <trkpt lat="36.08847" lon="-81.82619">
    <name>TP059</name>
  </trkpt>
  <trkpt lat="36.08849" lon="-81.82615">
    <name>TP060</name>
  </trkpt>
  <trkpt lat="36.0885" lon="-81.82612">
    <name>TP061</name>
  </trkpt>
  <trkpt lat="36.08851" lon="-81.82611">
    <name>TP062</name>
  </trkpt>
  <trkpt lat="36.08852" lon="-81.82607">
    <name>TP063</name>
  </trkpt>
  <trkpt lat="36.08853" lon="-81.82602">
    <name>TP064</name>
  </trkpt>
  <trkpt lat="36.08853" lon="-81.82597">
    <name>TP065</name>
  </trkpt>
  <trkpt lat="36.08853" lon="-81.82591">
    <name>TP066</name>
  </trkpt>
  <trkpt lat="36.08852" lon="-81.82587">
    <name>TP067</name>
  </trkpt>
  <trkpt lat="36.08852" lon="-81.82583">
    <name>TP068</name>
  </trkpt>
  <trkpt lat="36.08851" lon="-81.8258">
    <name>TP069</name>
  </trkpt>
  <trkpt lat="36.08848" lon="-81.82572">
    <name>TP070</name>
  </trkpt>
  <trkpt lat="36.08848" lon="-81.82571">
    <name>TP071</name>
  </trkpt>
  <trkpt lat="36.08845" lon="-81.82564">
    <name>TP072</name>
  </trkpt>
  <trkpt lat="36.08842" lon="-81.82558">
    <name>TP073</name>
  </trkpt>
  <trkpt lat="36.0884" lon="-81.82552">
    <name>TP074</name>
  </trkpt>
  <trkpt lat="36.0884" lon="-81.8255">
    <name>TP075</name>
  </trkpt>
  <trkpt lat="36.08839" lon="-81.82547">
    <name>TP076</name>
  </trkpt>
  <trkpt lat="36.08839" lon="-81.82543">
    <name>TP077</name>
  </trkpt>
  <trkpt lat="36.08839" lon="-81.82538">
    <name>TP078</name>
  </trkpt>
  <trkpt lat="36.08839" lon="-81.82533">
    <name>TP079</name>
  </trkpt>
  <trkpt lat="36.08839" lon="-81.82528">
    <name>TP080</name>
  </trkpt>
  <trkpt lat="36.0884" lon="-81.82522">
    <name>TP081</name>
  </trkpt>
  <trkpt lat="36.08842" lon="-81.82517">
    <name>TP082</name>
  </trkpt>
  <trkpt lat="36.08844" lon="-81.82512">
    <name>TP083</name>
  </trkpt>
  <trkpt lat="36.08846" lon="-81.82506">
    <name>TP084</name>
  </trkpt>
  <trkpt lat="36.08847" lon="-81.82505">
    <name>TP085</name>
  </trkpt>
  <trkpt lat="36.0885" lon="-81.825">
    <name>TP086</name>
  </trkpt>
  <trkpt lat="36.08856" lon="-81.82489">
    <name>TP087</name>
  </trkpt>
  <trkpt lat="36.08857" lon="-81.82486">
    <name>TP088</name>
  </trkpt>
  <trkpt lat="36.0886" lon="-81.82481">
    <name>TP089</name>
  </trkpt>
  <trkpt lat="36.08865" lon="-81.82472">
    <name>TP090</name>
  </trkpt>
  <trkpt lat="36.08869" lon="-81.82465">
    <name>TP091</name>
  </trkpt>
  <trkpt lat="36.08872" lon="-81.82456">
    <name>TP092</name>
  </trkpt>
  <trkpt lat="36.08875" lon="-81.82447">
    <name>TP093</name>
  </trkpt>
  <trkpt lat="36.08876" lon="-81.8244">
    <name>TP094</name>
  </trkpt>
  <trkpt lat="36.08877" lon="-81.8243">
    <name>TP095</name>
  </trkpt>
  <trkpt lat="36.08877" lon="-81.82422">
    <name>TP096</name>
  </trkpt>
  <trkpt lat="36.08877" lon="-81.82416">
    <name>TP097</name>
  </trkpt>
  <trkpt lat="36.08877" lon="-81.82414">
    <name>TP098</name>
  </trkpt>
  <trkpt lat="36.08876" lon="-81.82411">
    <name>TP099</name>
  </trkpt>
  <trkpt lat="36.08875" lon="-81.82408">
    <name>TP100</name>
  </trkpt>
  <trkpt lat="36.08874" lon="-81.82402">
    <name>TP101</name>
  </trkpt>
  <trkpt lat="36.08871" lon="-81.82395">
    <name>TP102</name>
  </trkpt>
  <trkpt lat="36.08867" lon="-81.82389">
    <name>TP103</name>
  </trkpt>
  <trkpt lat="36.08863" lon="-81.82384">
    <name>TP104</name>
  </trkpt>
  <trkpt lat="36.08858" lon="-81.82379">
    <name>TP105</name>
  </trkpt>
  <trkpt lat="36.08854" lon="-81.82375">
    <name>TP106</name>
  </trkpt>
  <trkpt lat="36.08857" lon="-81.8237">
    <name>TP107</name>
  </trkpt>
  <trkpt lat="36.08852" lon="-81.82366">
    <name>TP108</name>
  </trkpt>
  <trkpt lat="36.08847" lon="-81.82363">
    <name>TP109</name>
  </trkpt>
  <trkpt lat="36.08844" lon="-81.82362">
    <name>TP110</name>
  </trkpt>
  <trkpt lat="36.08835" lon="-81.82359">
    <name>TP111</name>
  </trkpt>
  <trkpt lat="36.08828" lon="-81.82357">
    <name>TP112</name>
  </trkpt>
  <trkpt lat="36.0882" lon="-81.82356">
    <name>TP113</name>
  </trkpt>
  <trkpt lat="36.08818" lon="-81.82356">
    <name>TP114</name>
  </trkpt>
  <trkpt lat="36.08806" lon="-81.82354">
    <name>TP115</name>
  </trkpt>
  <trkpt lat="36.08803" lon="-81.82354">
    <name>TP116</name>
  </trkpt>
  <trkpt lat="36.08792" lon="-81.82353">
    <name>TP117</name>
  </trkpt>
  <trkpt lat="36.08777" lon="-81.82353">
    <name>TP118</name>
  </trkpt>
  <trkpt lat="36.08768" lon="-81.82354">
    <name>TP119</name>
  </trkpt>
  <trkpt lat="36.08766" lon="-81.82354">
    <name>TP120</name>
  </trkpt>
  <trkpt lat="36.08761" lon="-81.82355">
    <name>TP121</name>
  </trkpt>
  <trkpt lat="36.08755" lon="-81.82356">
    <name>TP122</name>
  </trkpt>
  <trkpt lat="36.08752" lon="-81.82357">
    <name>TP123</name>
  </trkpt>
  <trkpt lat="36.08748" lon="-81.82358">
    <name>TP124</name>
  </trkpt>
  <trkpt lat="36.08738" lon="-81.82361">
    <name>TP125</name>
  </trkpt>
  <trkpt lat="36.0873" lon="-81.82363">
    <name>TP126</name>
  </trkpt>
  <trkpt lat="36.08728" lon="-81.82364">
    <name>TP127</name>
  </trkpt>
  <trkpt lat="36.08724" lon="-81.82364">
    <name>TP128</name>
  </trkpt>
  <trkpt lat="36.08718" lon="-81.82364">
    <name>TP129</name>
  </trkpt>
  <trkpt lat="36.08715" lon="-81.82364">
    <name>TP130</name>
  </trkpt>
  <trkpt lat="36.08713" lon="-81.82364">
    <name>TP131</name>
  </trkpt>
  <trkpt lat="36.08712" lon="-81.82364">
    <name>TP132</name>
  </trkpt>
  <trkpt lat="36.08711" lon="-81.82364">
    <name>TP133</name>
  </trkpt>
  <trkpt lat="36.08705" lon="-81.82362">
    <name>TP134</name>
  </trkpt>
  <trkpt lat="36.08699" lon="-81.8236">
    <name>TP135</name>
  </trkpt>
  <trkpt lat="36.08696" lon="-81.82359">
    <name>TP136</name>
  </trkpt>
  <trkpt lat="36.08694" lon="-81.82357">
    <name>TP137</name>
  </trkpt>
  <trkpt lat="36.08689" lon="-81.82355">
    <name>TP138</name>
  </trkpt>
  <trkpt lat="36.08684" lon="-81.82351">
    <name>TP139</name>
  </trkpt>
  <trkpt lat="36.08681" lon="-81.82349">
    <name>TP140</name>
  </trkpt>
  <trkpt lat="36.08677" lon="-81.82346">
    <name>TP141</name>
  </trkpt>
  <trkpt lat="36.08672" lon="-81.82341">
    <name>TP142</name>
  </trkpt>
  <trkpt lat="36.08667" lon="-81.82335">
    <name>TP143</name>
  </trkpt>
  <trkpt lat="36.08662" lon="-81.82327">
    <name>TP144</name>
  </trkpt>
  <trkpt lat="36.08657" lon="-81.82321">
    <name>TP145</name>
  </trkpt>
  <trkpt lat="36.08652" lon="-81.82312">
    <name>TP146</name>
  </trkpt>
  <trkpt lat="36.08643" lon="-81.823">
    <name>TP147</name>
  </trkpt>
  <trkpt lat="36.08632" lon="-81.82285">
    <name>TP148</name>
  </trkpt>
  <trkpt lat="36.08631" lon="-81.82285">
    <name>TP149</name>
  </trkpt>
  <trkpt lat="36.08623" lon="-81.82275">
    <name>TP150</name>
  </trkpt>
  <trkpt lat="36.08619" lon="-81.8227">
    <name>TP151</name>
  </trkpt>
  <trkpt lat="36.08617" lon="-81.82267">
    <name>TP152</name>
  </trkpt>
  <trkpt lat="36.08613" lon="-81.82261">
    <name>TP153</name>
  </trkpt>
  <trkpt lat="36.08609" lon="-81.82254">
    <name>TP154</name>
  </trkpt>
  <trkpt lat="36.08608" lon="-81.82253">
    <name>TP155</name>
  </trkpt>
  <trkpt lat="36.08607" lon="-81.8225">
    <name>TP156</name>
  </trkpt>
  <trkpt lat="36.08604" lon="-81.82243">
    <name>TP157</name>
  </trkpt>
  <trkpt lat="36.086" lon="-81.82233">
    <name>TP158</name>
  </trkpt>
  <trkpt lat="36.08595" lon="-81.82219">
    <name>TP159</name>
  </trkpt>
  <trkpt lat="36.08588" lon="-81.82201">
    <name>TP160</name>
  </trkpt>
  <trkpt lat="36.0858" lon="-81.82181">
    <name>TP161</name>
  </trkpt>
  <trkpt lat="36.08573" lon="-81.82163">
    <name>TP162</name>
  </trkpt>
  <trkpt lat="36.08569" lon="-81.8215">
    <name>TP163</name>
  </trkpt>
  <trkpt lat="36.08567" lon="-81.82143">
    <name>TP164</name>
  </trkpt>
  <trkpt lat="36.08566" lon="-81.82135">
    <name>TP165</name>
  </trkpt>
  <trkpt lat="36.08565" lon="-81.82132">
    <name>TP166</name>
  </trkpt>
  <trkpt lat="36.08565" lon="-81.82124">
    <name>TP167</name>
  </trkpt>
  <trkpt lat="36.08565" lon="-81.82118">
    <name>TP168</name>
  </trkpt>
  <trkpt lat="36.08565" lon="-81.82111">
    <name>TP169</name>
  </trkpt>
  <trkpt lat="36.08566" lon="-81.82101">
    <name>TP170</name>
  </trkpt>
  <trkpt lat="36.08568" lon="-81.82093">
    <name>TP171</name>
  </trkpt>
  <trkpt lat="36.08569" lon="-81.8209">
    <name>TP172</name>
  </trkpt>
  <trkpt lat="36.0857" lon="-81.82086">
    <name>TP173</name>
  </trkpt>
  <trkpt lat="36.08573" lon="-81.82077">
    <name>TP174</name>
  </trkpt>
  <trkpt lat="36.08575" lon="-81.82072">
    <name>TP175</name>
  </trkpt>
  <trkpt lat="36.08576" lon="-81.8207">
    <name>TP176</name>
  </trkpt>
  <trkpt lat="36.08577" lon="-81.82069">
    <name>TP177</name>
  </trkpt>
  <trkpt lat="36.08577" lon="-81.82067">
    <name>TP178</name>
  </trkpt>
  <trkpt lat="36.0858" lon="-81.82061">
    <name>TP179</name>
  </trkpt>
  <trkpt lat="36.08583" lon="-81.82054">
    <name>TP180</name>
  </trkpt>
  <trkpt lat="36.08585" lon="-81.82052">
    <name>TP181</name>
  </trkpt>
  <trkpt lat="36.08587" lon="-81.82049">
    <name>TP182</name>
  </trkpt>
  <trkpt lat="36.0859" lon="-81.82045">
    <name>TP183</name>
  </trkpt>
  <trkpt lat="36.08594" lon="-81.82041">
    <name>TP184</name>
  </trkpt>
  <trkpt lat="36.08598" lon="-81.82039">
    <name>TP185</name>
  </trkpt>
  <trkpt lat="36.08603" lon="-81.82037">
    <name>TP186</name>
  </trkpt>
  <trkpt lat="36.08609" lon="-81.82037">
    <name>TP187</name>
  </trkpt>
  <trkpt lat="36.08614" lon="-81.82037">
    <name>TP188</name>
  </trkpt>
  <trkpt lat="36.08619" lon="-81.82038">
    <name>TP189</name>
  </trkpt>
  <trkpt lat="36.08624" lon="-81.8204">
    <name>TP190</name>
  </trkpt>
  <trkpt lat="36.0863" lon="-81.82043">
    <name>TP191</name>
  </trkpt>
  <trkpt lat="36.08635" lon="-81.82046">
    <name>TP192</name>
  </trkpt>
  <trkpt lat="36.08642" lon="-81.82051">
    <name>TP193</name>
  </trkpt>
  <trkpt lat="36.08646" lon="-81.82054">
    <name>TP194</name>
  </trkpt>
  <trkpt lat="36.08648" lon="-81.82056">
    <name>TP195</name>
  </trkpt>
  <trkpt lat="36.08651" lon="-81.82059">
    <name>TP196</name>
  </trkpt>
  <trkpt lat="36.08659" lon="-81.82066">
    <name>TP197</name>
  </trkpt>
  <trkpt lat="36.0866" lon="-81.82067">
    <name>TP198</name>
  </trkpt>
  <trkpt lat="36.08661" lon="-81.82068">
    <name>TP199</name>
  </trkpt>
  <trkpt lat="36.08662" lon="-81.82069">
    <name>TP200</name>
  </trkpt>
  <trkpt lat="36.08668" lon="-81.82075">
    <name>TP201</name>
  </trkpt>
  <trkpt lat="36.08679" lon="-81.82084">
    <name>TP202</name>
  </trkpt>
  <trkpt lat="36.08688" lon="-81.82089">
    <name>TP203</name>
  </trkpt>
  <trkpt lat="36.08691" lon="-81.82091">
    <name>TP204</name>
  </trkpt>
  <trkpt lat="36.08695" lon="-81.82092">
    <name>TP205</name>
  </trkpt>
  <trkpt lat="36.08703" lon="-81.82095">
    <name>TP206</name>
  </trkpt>
  <trkpt lat="36.0871" lon="-81.82096">
    <name>TP207</name>
  </trkpt>
  <trkpt lat="36.0872" lon="-81.82097">
    <name>TP208</name>
  </trkpt>
  <trkpt lat="36.08728" lon="-81.82096">
    <name>TP209</name>
  </trkpt>
  <trkpt lat="36.08729" lon="-81.82096">
    <name>TP210</name>
  </trkpt>
  <trkpt lat="36.08737" lon="-81.82094">
    <name>TP211</name>
  </trkpt>
  <trkpt lat="36.08746" lon="-81.82092">
    <name>TP212</name>
  </trkpt>
  <trkpt lat="36.08753" lon="-81.82089">
    <name>TP213</name>
  </trkpt>
  <trkpt lat="36.0876" lon="-81.82085">
    <name>TP214</name>
  </trkpt>
  <trkpt lat="36.08767" lon="-81.82081">
    <name>TP215</name>
  </trkpt>
  <trkpt lat="36.08775" lon="-81.82075">
    <name>TP216</name>
  </trkpt>
  <trkpt lat="36.08784" lon="-81.82067">
    <name>TP217</name>
  </trkpt>
  <trkpt lat="36.08793" lon="-81.82059">
    <name>TP218</name>
  </trkpt>
  <trkpt lat="36.08804" lon="-81.82051">
    <name>TP219</name>
  </trkpt>
  <trkpt lat="36.08807" lon="-81.82048">
    <name>TP220</name>
  </trkpt>
  <trkpt lat="36.08809" lon="-81.82047">
    <name>TP221</name>
  </trkpt>
  <trkpt lat="36.08811" lon="-81.82045">
    <name>TP222</name>
  </trkpt>
  <trkpt lat="36.08817" lon="-81.82041">
    <name>TP223</name>
  </trkpt>
  <trkpt lat="36.08824" lon="-81.82038">
    <name>TP224</name>
  </trkpt>
  <trkpt lat="36.08829" lon="-81.82036">
    <name>TP225</name>
  </trkpt>
  <trkpt lat="36.08834" lon="-81.82035">
    <name>TP226</name>
  </trkpt>
  <trkpt lat="36.08839" lon="-81.82035">
    <name>TP227</name>
  </trkpt>
  <trkpt lat="36.08841" lon="-81.82035">
    <name>TP228</name>
  </trkpt>
  <trkpt lat="36.08843" lon="-81.82036">
    <name>TP229</name>
  </trkpt>
  <trkpt lat="36.08847" lon="-81.82037">
    <name>TP230</name>
  </trkpt>
  <trkpt lat="36.0885" lon="-81.82039">
    <name>TP231</name>
  </trkpt>
  <trkpt lat="36.08853" lon="-81.82041">
    <name>TP232</name>
  </trkpt>
  <trkpt lat="36.08856" lon="-81.82044">
    <name>TP233</name>
  </trkpt>
  <trkpt lat="36.08858" lon="-81.82045">
    <name>TP234</name>
  </trkpt>
  <trkpt lat="36.08864" lon="-81.82051">
    <name>TP235</name>
  </trkpt>
  <trkpt lat="36.0887" lon="-81.82054">
    <name>TP236</name>
  </trkpt>
  <trkpt lat="36.08872" lon="-81.82055">
    <name>TP237</name>
  </trkpt>
  <trkpt lat="36.08876" lon="-81.82056">
    <name>TP238</name>
  </trkpt>
  <trkpt lat="36.0888" lon="-81.82057">
    <name>TP239</name>
  </trkpt>
  <trkpt lat="36.08885" lon="-81.82056">
    <name>TP240</name>
  </trkpt>
  <trkpt lat="36.0889" lon="-81.82055">
    <name>TP241</name>
  </trkpt>
  <trkpt lat="36.08891" lon="-81.82054">
    <name>TP242</name>
  </trkpt>
  <trkpt lat="36.08894" lon="-81.82053">
    <name>TP243</name>
  </trkpt>
  <trkpt lat="36.08897" lon="-81.82051">
    <name>TP244</name>
  </trkpt>
  <trkpt lat="36.089" lon="-81.82049">
    <name>TP245</name>
  </trkpt>
  <trkpt lat="36.08904" lon="-81.82045">
    <name>TP246</name>
  </trkpt>
  <trkpt lat="36.08907" lon="-81.82041">
    <name>TP247</name>
  </trkpt>
  <trkpt lat="36.08908" lon="-81.8204">
    <name>TP248</name>
  </trkpt>
  <trkpt lat="36.0891" lon="-81.82037">
    <name>TP249</name>
  </trkpt>
  <trkpt lat="36.08913" lon="-81.82031">
    <name>TP250</name>
  </trkpt>
  <trkpt lat="36.08916" lon="-81.82024">
    <name>TP251</name>
  </trkpt>
  <trkpt lat="36.08916" lon="-81.82023">
    <name>TP252</name>
  </trkpt>
  <trkpt lat="36.08917" lon="-81.82021">
    <name>TP253</name>
  </trkpt>
  <trkpt lat="36.08918" lon="-81.82018">
    <name>TP254</name>
  </trkpt>
  <trkpt lat="36.0892" lon="-81.82014">
    <name>TP255</name>
  </trkpt>
  <trkpt lat="36.08924" lon="-81.82009">
    <name>TP256</name>
  </trkpt>
  <trkpt lat="36.08927" lon="-81.82006">
    <name>TP257</name>
  </trkpt>
  <trkpt lat="36.0893" lon="-81.82004">
    <name>TP258</name>
  </trkpt>
  <trkpt lat="36.08933" lon="-81.82003">
    <name>TP259</name>
  </trkpt>
  <trkpt lat="36.08937" lon="-81.82003">
    <name>TP260</name>
  </trkpt>
  <trkpt lat="36.08942" lon="-81.82003">
    <name>TP261</name>
  </trkpt>
  <trkpt lat="36.08943" lon="-81.82002">
    <name>TP262</name>
  </trkpt>
  <trkpt lat="36.08947" lon="-81.82002">
    <name>TP263</name>
  </trkpt>
  <trkpt lat="36.08952" lon="-81.82002">
    <name>TP264</name>
  </trkpt>
  <trkpt lat="36.08955" lon="-81.82001">
    <name>TP265</name>
  </trkpt>
  <trkpt lat="36.08958" lon="-81.82">
    <name>TP266</name>
  </trkpt>
  <trkpt lat="36.08962" lon="-81.81999">
    <name>TP267</name>
  </trkpt>
  <trkpt lat="36.08965" lon="-81.81997">
    <name>TP268</name>
  </trkpt>
  <trkpt lat="36.08968" lon="-81.81994">
    <name>TP269</name>
  </trkpt>
  <trkpt lat="36.08972" lon="-81.8199">
    <name>TP270</name>
  </trkpt>
  <trkpt lat="36.08974" lon="-81.81987">
    <name>TP271</name>
  </trkpt>
  <trkpt lat="36.08976" lon="-81.81983">
    <name>TP272</name>
  </trkpt>
  <trkpt lat="36.08976" lon="-81.81982">
    <name>TP273</name>
  </trkpt>
  <trkpt lat="36.08978" lon="-81.81977">
    <name>TP274</name>
  </trkpt>
  <trkpt lat="36.08979" lon="-81.81971">
    <name>TP275</name>
  </trkpt>
  <trkpt lat="36.08979" lon="-81.81965">
    <name>TP276</name>
  </trkpt>
  <trkpt lat="36.08979" lon="-81.81959">
    <name>TP277</name>
  </trkpt>
  <trkpt lat="36.08979" lon="-81.81958">
    <name>TP278</name>
  </trkpt>
  <trkpt lat="36.08977" lon="-81.81951">
    <name>TP279</name>
  </trkpt>
  <trkpt lat="36.08976" lon="-81.81944">
    <name>TP280</name>
  </trkpt>
  <trkpt lat="36.08975" lon="-81.81938">
    <name>TP281</name>
  </trkpt>
  <trkpt lat="36.08974" lon="-81.81936">
    <name>TP282</name>
  </trkpt>
  <trkpt lat="36.08973" lon="-81.81933">
    <name>TP283</name>
  </trkpt>
  <trkpt lat="36.08972" lon="-81.8193">
    <name>TP284</name>
  </trkpt>
  <trkpt lat="36.08969" lon="-81.81915">
    <name>TP285</name>
  </trkpt>
  <trkpt lat="36.08967" lon="-81.81909">
    <name>TP286</name>
  </trkpt>
  <trkpt lat="36.08964" lon="-81.81896">
    <name>TP287</name>
  </trkpt>
  <trkpt lat="36.08963" lon="-81.81894">
    <name>TP288</name>
  </trkpt>
  <trkpt lat="36.08963" lon="-81.81891">
    <name>TP289</name>
  </trkpt>
  <trkpt lat="36.08961" lon="-81.81882">
    <name>TP290</name>
  </trkpt>
  <trkpt lat="36.08958" lon="-81.81872">
    <name>TP291</name>
  </trkpt>
  <trkpt lat="36.08955" lon="-81.8186">
    <name>TP292</name>
  </trkpt>
  <trkpt lat="36.08954" lon="-81.81853">
    <name>TP293</name>
  </trkpt>
  <trkpt lat="36.08953" lon="-81.81851">
    <name>TP294</name>
  </trkpt>
  <trkpt lat="36.08952" lon="-81.81848">
    <name>TP295</name>
  </trkpt>
  <trkpt lat="36.08949" lon="-81.81836">
    <name>TP296</name>
  </trkpt>
  <trkpt lat="36.08947" lon="-81.8183">
    <name>TP297</name>
  </trkpt>
  <trkpt lat="36.08947" lon="-81.81828">
    <name>TP298</name>
  </trkpt>
  <trkpt lat="36.08944" lon="-81.81822">
    <name>TP299</name>
  </trkpt>
  <trkpt lat="36.08941" lon="-81.81814">
    <name>TP300</name>
  </trkpt>
  <trkpt lat="36.08938" lon="-81.8181">
    <name>TP301</name>
  </trkpt>
  <trkpt lat="36.08938" lon="-81.81809">
    <name>TP302</name>
  </trkpt>
  <trkpt lat="36.08935" lon="-81.81805">
    <name>TP303</name>
  </trkpt>
  <trkpt lat="36.08933" lon="-81.81802">
    <name>TP304</name>
  </trkpt>
  <trkpt lat="36.0893" lon="-81.81798">
    <name>TP305</name>
  </trkpt>
  <trkpt lat="36.08926" lon="-81.81795">
    <name>TP306</name>
  </trkpt>
  <trkpt lat="36.08925" lon="-81.81793">
    <name>TP307</name>
  </trkpt>
  <trkpt lat="36.08922" lon="-81.81791">
    <name>TP308</name>
  </trkpt>
  <trkpt lat="36.08916" lon="-81.81788">
    <name>TP309</name>
  </trkpt>
  <trkpt lat="36.08909" lon="-81.81784">
    <name>TP310</name>
  </trkpt>
  <trkpt lat="36.08906" lon="-81.81783">
    <name>TP311</name>
  </trkpt>
  <trkpt lat="36.089" lon="-81.81779">
    <name>TP312</name>
  </trkpt>
  <trkpt lat="36.08896" lon="-81.81777">
    <name>TP313</name>
  </trkpt>
  <trkpt lat="36.08894" lon="-81.81775">
    <name>TP314</name>
  </trkpt>
  <trkpt lat="36.08893" lon="-81.81774">
    <name>TP315</name>
  </trkpt>
  <trkpt lat="36.08892" lon="-81.81773">
    <name>TP316</name>
  </trkpt>
  <trkpt lat="36.08891" lon="-81.81772">
    <name>TP317</name>
  </trkpt>
  <trkpt lat="36.08887" lon="-81.81769">
    <name>TP318</name>
  </trkpt>
  <trkpt lat="36.08884" lon="-81.81765">
    <name>TP319</name>
  </trkpt>
  <trkpt lat="36.08882" lon="-81.81762">
    <name>TP320</name>
  </trkpt>
  <trkpt lat="36.08881" lon="-81.81759">
    <name>TP321</name>
  </trkpt>
  <trkpt lat="36.0888" lon="-81.81757">
    <name>TP322</name>
  </trkpt>
  <trkpt lat="36.08878" lon="-81.81754">
    <name>TP323</name>
  </trkpt>
  <trkpt lat="36.08877" lon="-81.81752">
    <name>TP324</name>
  </trkpt>
  <trkpt lat="36.08875" lon="-81.81747">
    <name>TP325</name>
  </trkpt>
  <trkpt lat="36.08874" lon="-81.81744">
    <name>TP326</name>
  </trkpt>
  <trkpt lat="36.08873" lon="-81.81742">
    <name>TP327</name>
  </trkpt>
  <trkpt lat="36.08873" lon="-81.8174">
    <name>TP328</name>
  </trkpt>
  <trkpt lat="36.08873" lon="-81.81739">
    <name>TP329</name>
  </trkpt>
  <trkpt lat="36.08872" lon="-81.81737">
    <name>TP330</name>
  </trkpt>
  <trkpt lat="36.08872" lon="-81.81735">
    <name>TP331</name>
  </trkpt>
  <trkpt lat="36.08871" lon="-81.8173">
    <name>TP332</name>
  </trkpt>
  <trkpt lat="36.08871" lon="-81.81727">
    <name>TP333</name>
  </trkpt>
  <trkpt lat="36.08871" lon="-81.81723">
    <name>TP334</name>
  </trkpt>
  <trkpt lat="36.08871" lon="-81.81719">
    <name>TP335</name>
  </trkpt>
  <trkpt lat="36.08871" lon="-81.81718">
    <name>TP336</name>
  </trkpt>
  <trkpt lat="36.08871" lon="-81.81712">
    <name>TP337</name>
  </trkpt>
  <trkpt lat="36.08871" lon="-81.81707">
    <name>TP338</name>
  </trkpt>
  <trkpt lat="36.08872" lon="-81.81701">
    <name>TP339</name>
  </trkpt>
  <trkpt lat="36.08872" lon="-81.81698">
    <name>TP340</name>
  </trkpt>
  <trkpt lat="36.08873" lon="-81.81694">
    <name>TP341</name>
  </trkpt>
  <trkpt lat="36.08874" lon="-81.81687">
    <name>TP342</name>
  </trkpt>
  <trkpt lat="36.08875" lon="-81.81679">
    <name>TP343</name>
  </trkpt>
  <trkpt lat="36.08876" lon="-81.81671">
    <name>TP344</name>
  </trkpt>
  <trkpt lat="36.08877" lon="-81.81663">
    <name>TP345</name>
  </trkpt>
  <trkpt lat="36.08877" lon="-81.81656">
    <name>TP346</name>
  </trkpt>
  <trkpt lat="36.08877" lon="-81.81653">
    <name>TP347</name>
  </trkpt>
  <trkpt lat="36.08877" lon="-81.8165">
    <name>TP348</name>
  </trkpt>
  <trkpt lat="36.08878" lon="-81.81648">
    <name>TP349</name>
  </trkpt>
  <trkpt lat="36.08878" lon="-81.81642">
    <name>TP350</name>
  </trkpt>
  <trkpt lat="36.08877" lon="-81.81636">
    <name>TP351</name>
  </trkpt>
  <trkpt lat="36.08876" lon="-81.8163">
    <name>TP352</name>
  </trkpt>
  <trkpt lat="36.08875" lon="-81.81623">
    <name>TP353</name>
  </trkpt>
  <trkpt lat="36.08873" lon="-81.81617">
    <name>TP354</name>
  </trkpt>
  <trkpt lat="36.08871" lon="-81.8161">
    <name>TP355</name>
  </trkpt>
  <trkpt lat="36.0887" lon="-81.81608">
    <name>TP356</name>
  </trkpt>
  <trkpt lat="36.08869" lon="-81.81605">
    <name>TP357</name>
  </trkpt>
  <trkpt lat="36.08868" lon="-81.81604">
    <name>TP358</name>
  </trkpt>
  <trkpt lat="36.08864" lon="-81.81597">
    <name>TP359</name>
  </trkpt>
  <trkpt lat="36.08861" lon="-81.81591">
    <name>TP360</name>
  </trkpt>
  <trkpt lat="36.0886" lon="-81.8159">
    <name>TP361</name>
  </trkpt>
  <trkpt lat="36.0886" lon="-81.81589">
    <name>TP362</name>
  </trkpt>
  <trkpt lat="36.08855" lon="-81.81582">
    <name>TP363</name>
  </trkpt>
  <trkpt lat="36.08849" lon="-81.81573">
    <name>TP364</name>
  </trkpt>
  <trkpt lat="36.08849" lon="-81.81572">
    <name>TP365</name>
  </trkpt>
  <trkpt lat="36.08847" lon="-81.8157">
    <name>TP366</name>
  </trkpt>
  <trkpt lat="36.08846" lon="-81.81567">
    <name>TP367</name>
  </trkpt>
  <trkpt lat="36.08842" lon="-81.81561">
    <name>TP368</name>
  </trkpt>
  <trkpt lat="36.08839" lon="-81.81556">
    <name>TP369</name>
  </trkpt>
  <trkpt lat="36.08839" lon="-81.81555">
    <name>TP370</name>
  </trkpt>
  <trkpt lat="36.08838" lon="-81.81555">
    <name>TP371</name>
  </trkpt>
  <trkpt lat="36.08837" lon="-81.81552">
    <name>TP372</name>
  </trkpt>
  <trkpt lat="36.08836" lon="-81.81551">
    <name>TP373</name>
  </trkpt>
  <trkpt lat="36.08834" lon="-81.81544">
    <name>TP374</name>
  </trkpt>
  <trkpt lat="36.08832" lon="-81.81537">
    <name>TP375</name>
  </trkpt>
  <trkpt lat="36.08831" lon="-81.81535">
    <name>TP376</name>
  </trkpt>
  <trkpt lat="36.0883" lon="-81.81532">
    <name>TP377</name>
  </trkpt>
  <trkpt lat="36.0883" lon="-81.8153">
    <name>TP378</name>
  </trkpt>
  <trkpt lat="36.08829" lon="-81.81523">
    <name>TP379</name>
  </trkpt>
  <trkpt lat="36.08828" lon="-81.81516">
    <name>TP380</name>
  </trkpt>
  <trkpt lat="36.08828" lon="-81.81514">
    <name>TP381</name>
  </trkpt>
  <trkpt lat="36.08828" lon="-81.81511">
    <name>TP382</name>
  </trkpt>
  <trkpt lat="36.08827" lon="-81.81505">
    <name>TP383</name>
  </trkpt>
  <trkpt lat="36.08827" lon="-81.81495">
    <name>TP384</name>
  </trkpt>
  <trkpt lat="36.08828" lon="-81.81492">
    <name>TP385</name>
  </trkpt>
  <trkpt lat="36.08828" lon="-81.81489">
    <name>TP386</name>
  </trkpt>
  <trkpt lat="36.08828" lon="-81.81484">
    <name>TP387</name>
  </trkpt>
  <trkpt lat="36.08828" lon="-81.81472">
    <name>TP388</name>
  </trkpt>
  <trkpt lat="36.08828" lon="-81.8147">
    <name>TP389</name>
  </trkpt>
  <trkpt lat="36.08828" lon="-81.81467">
    <name>TP390</name>
  </trkpt>
  <trkpt lat="36.08828" lon="-81.81465">
    <name>TP391</name>
  </trkpt>
  <trkpt lat="36.08829" lon="-81.81448">
    <name>TP392</name>
  </trkpt>
  <trkpt lat="36.08829" lon="-81.81444">
    <name>TP393</name>
  </trkpt>
  <trkpt lat="36.08829" lon="-81.81442">
    <name>TP394</name>
  </trkpt>
  <trkpt lat="36.0883" lon="-81.8143">
    <name>TP395</name>
  </trkpt>
  <trkpt lat="36.0883" lon="-81.81426">
    <name>TP396</name>
  </trkpt>
  <trkpt lat="36.0883" lon="-81.8142">
    <name>TP397</name>
  </trkpt>
  <trkpt lat="36.08831" lon="-81.81414">
    <name>TP398</name>
  </trkpt>
  <trkpt lat="36.08831" lon="-81.81409">
    <name>TP399</name>
  </trkpt>
  <trkpt lat="36.08832" lon="-81.81404">
    <name>TP400</name>
  </trkpt>
  <trkpt lat="36.08832" lon="-81.81403">
    <name>TP401</name>
  </trkpt>
  <trkpt lat="36.08834" lon="-81.81396">
    <name>TP402</name>
  </trkpt>
  <trkpt lat="36.08836" lon="-81.81391">
    <name>TP403</name>
  </trkpt>
  <trkpt lat="36.08838" lon="-81.81384">
    <name>TP404</name>
  </trkpt>
  <trkpt lat="36.0884" lon="-81.81381">
    <name>TP405</name>
  </trkpt>
  <trkpt lat="36.08842" lon="-81.81376">
    <name>TP406</name>
  </trkpt>
  <trkpt lat="36.08844" lon="-81.81371">
    <name>TP407</name>
  </trkpt>
  <trkpt lat="36.08845" lon="-81.81366">
    <name>TP408</name>
  </trkpt>
  <trkpt lat="36.08846" lon="-81.81363">
    <name>TP409</name>
  </trkpt>
  <trkpt lat="36.08847" lon="-81.81361">
    <name>TP410</name>
  </trkpt>
  <trkpt lat="36.08847" lon="-81.81358">
    <name>TP411</name>
  </trkpt>
  <trkpt lat="36.08847" lon="-81.81355">
    <name>TP412</name>
  </trkpt>
  <trkpt lat="36.08847" lon="-81.81351">
    <name>TP413</name>
  </trkpt>
  <trkpt lat="36.08847" lon="-81.81347">
    <name>TP414</name>
  </trkpt>
  <trkpt lat="36.08847" lon="-81.81344">
    <name>TP415</name>
  </trkpt>
  <trkpt lat="36.08846" lon="-81.8134">
    <name>TP416</name>
  </trkpt>
  <trkpt lat="36.08845" lon="-81.81339">
    <name>TP417</name>
  </trkpt>
  <trkpt lat="36.08844" lon="-81.81337">
    <name>TP418</name>
  </trkpt>
  <trkpt lat="36.08843" lon="-81.81333">
    <name>TP419</name>
  </trkpt>
  <trkpt lat="36.08841" lon="-81.8133">
    <name>TP420</name>
  </trkpt>
  <trkpt lat="36.08838" lon="-81.81327">
    <name>TP421</name>
  </trkpt>
  <trkpt lat="36.08836" lon="-81.81324">
    <name>TP422</name>
  </trkpt>
  <trkpt lat="36.08833" lon="-81.81322">
    <name>TP423</name>
  </trkpt>
  <trkpt lat="36.08832" lon="-81.81321">
    <name>TP424</name>
  </trkpt>
  <trkpt lat="36.08829" lon="-81.81319">
    <name>TP425</name>
  </trkpt>
  <trkpt lat="36.08826" lon="-81.81317">
    <name>TP426</name>
  </trkpt>
  <trkpt lat="36.08823" lon="-81.81316">
    <name>TP427</name>
  </trkpt>
  <trkpt lat="36.0882" lon="-81.81315">
    <name>TP428</name>
  </trkpt>
  <trkpt lat="36.08814" lon="-81.81312">
    <name>TP429</name>
  </trkpt>
  <trkpt lat="36.08807" lon="-81.81309">
    <name>TP430</name>
  </trkpt>
  <trkpt lat="36.08799" lon="-81.81306">
    <name>TP431</name>
  </trkpt>
  <trkpt lat="36.08798" lon="-81.81306">
    <name>TP432</name>
  </trkpt>
  <trkpt lat="36.08784" lon="-81.813">
    <name>TP433</name>
  </trkpt>
  <trkpt lat="36.08781" lon="-81.81299">
    <name>TP434</name>
  </trkpt>
  <trkpt lat="36.08773" lon="-81.81296">
    <name>TP435</name>
  </trkpt>
  <trkpt lat="36.08764" lon="-81.81292">
    <name>TP436</name>
  </trkpt>
  <trkpt lat="36.0875" lon="-81.81286">
    <name>TP437</name>
  </trkpt>
  <trkpt lat="36.08747" lon="-81.81285">
    <name>TP438</name>
  </trkpt>
  <trkpt lat="36.08736" lon="-81.8128">
    <name>TP439</name>
  </trkpt>
  <trkpt lat="36.0873" lon="-81.81277">
    <name>TP440</name>
  </trkpt>
  <trkpt lat="36.08719" lon="-81.81272">
    <name>TP441</name>
  </trkpt>
  <trkpt lat="36.08714" lon="-81.81269">
    <name>TP442</name>
  </trkpt>
  <trkpt lat="36.08712" lon="-81.81268">
    <name>TP443</name>
  </trkpt>
  <trkpt lat="36.08703" lon="-81.81262">
    <name>TP444</name>
  </trkpt>
  <trkpt lat="36.08698" lon="-81.81258">
    <name>TP445</name>
  </trkpt>
  <trkpt lat="36.08696" lon="-81.81256">
    <name>TP446</name>
  </trkpt>
  <trkpt lat="36.08687" lon="-81.81249">
    <name>TP447</name>
  </trkpt>
  <trkpt lat="36.08684" lon="-81.81246">
    <name>TP448</name>
  </trkpt>
  <trkpt lat="36.08679" lon="-81.81241">
    <name>TP449</name>
  </trkpt>
  <trkpt lat="36.08674" lon="-81.81235">
    <name>TP450</name>
  </trkpt>
  <trkpt lat="36.08671" lon="-81.81231">
    <name>TP451</name>
  </trkpt>
  <trkpt lat="36.08669" lon="-81.81229">
    <name>TP452</name>
  </trkpt>
  <trkpt lat="36.08663" lon="-81.8122">
    <name>TP453</name>
  </trkpt>
  <trkpt lat="36.08656" lon="-81.81209">
    <name>TP454</name>
  </trkpt>
  <trkpt lat="36.08651" lon="-81.812">
    <name>TP455</name>
  </trkpt>
  <trkpt lat="36.08649" lon="-81.81196">
    <name>TP456</name>
  </trkpt>
  <trkpt lat="36.08646" lon="-81.8119">
    <name>TP457</name>
  </trkpt>
  <trkpt lat="36.08643" lon="-81.81183">
    <name>TP458</name>
  </trkpt>
  <trkpt lat="36.08641" lon="-81.81177">
    <name>TP459</name>
  </trkpt>
  <trkpt lat="36.08641" lon="-81.81174">
    <name>TP460</name>
  </trkpt>
  <trkpt lat="36.0864" lon="-81.81171">
    <name>TP461</name>
  </trkpt>
  <trkpt lat="36.08639" lon="-81.81167">
    <name>TP462</name>
  </trkpt>
  <trkpt lat="36.08639" lon="-81.81164">
    <name>TP463</name>
  </trkpt>
  <trkpt lat="36.08639" lon="-81.81161">
    <name>TP464</name>
  </trkpt>
  <trkpt lat="36.0864" lon="-81.81159">
    <name>TP465</name>
  </trkpt>
  <trkpt lat="36.0864" lon="-81.81157">
    <name>TP466</name>
  </trkpt>
  <trkpt lat="36.08641" lon="-81.81154">
    <name>TP467</name>
  </trkpt>
  <trkpt lat="36.08642" lon="-81.81152">
    <name>TP468</name>
  </trkpt>
  <trkpt lat="36.08643" lon="-81.81148">
    <name>TP469</name>
  </trkpt>
  <trkpt lat="36.08645" lon="-81.81146">
    <name>TP470</name>
  </trkpt>
  <trkpt lat="36.08648" lon="-81.81143">
    <name>TP471</name>
  </trkpt>
  <trkpt lat="36.08649" lon="-81.81142">
    <name>TP472</name>
  </trkpt>
  <trkpt lat="36.08651" lon="-81.81141">
    <name>TP473</name>
  </trkpt>
  <trkpt lat="36.08655" lon="-81.8114">
    <name>TP474</name>
  </trkpt>
  <trkpt lat="36.08659" lon="-81.81138">
    <name>TP475</name>
  </trkpt>
  <trkpt lat="36.08664" lon="-81.81138">
    <name>TP476</name>
  </trkpt>
  <trkpt lat="36.08665" lon="-81.81138">
    <name>TP477</name>
  </trkpt>
  <trkpt lat="36.08672" lon="-81.81138">
    <name>TP478</name>
  </trkpt>
  <trkpt lat="36.08683" lon="-81.8114">
    <name>TP479</name>
  </trkpt>
  <trkpt lat="36.08686" lon="-81.8114">
    <name>TP480</name>
  </trkpt>
  <trkpt lat="36.08701" lon="-81.81141">
    <name>TP481</name>
  </trkpt>
  <trkpt lat="36.08701" lon="-81.81142">
    <name>TP482</name>
  </trkpt>
  <trkpt lat="36.08718" lon="-81.81143">
    <name>TP483</name>
  </trkpt>
  <trkpt lat="36.08719" lon="-81.81143">
    <name>TP484</name>
  </trkpt>
  <trkpt lat="36.08737" lon="-81.81144">
    <name>TP485</name>
  </trkpt>
  <trkpt lat="36.08739" lon="-81.81144">
    <name>TP486</name>
  </trkpt>
  <trkpt lat="36.08755" lon="-81.81145">
    <name>TP487</name>
  </trkpt>
  <trkpt lat="36.08756" lon="-81.81145">
    <name>TP488</name>
  </trkpt>
  <trkpt lat="36.08773" lon="-81.81146">
    <name>TP489</name>
  </trkpt>
  <trkpt lat="36.08789" lon="-81.81146">
    <name>TP490</name>
  </trkpt>
  <trkpt lat="36.08791" lon="-81.81145">
    <name>TP491</name>
  </trkpt>
  <trkpt lat="36.08794" lon="-81.81145">
    <name>TP492</name>
  </trkpt>
  <trkpt lat="36.08805" lon="-81.81144">
    <name>TP493</name>
  </trkpt>
  <trkpt lat="36.08809" lon="-81.81143">
    <name>TP494</name>
  </trkpt>
  <trkpt lat="36.08821" lon="-81.81141">
    <name>TP495</name>
  </trkpt>
  <trkpt lat="36.0883" lon="-81.81139">
    <name>TP496</name>
  </trkpt>
  <trkpt lat="36.08834" lon="-81.81138">
    <name>TP497</name>
  </trkpt>
  <trkpt lat="36.08845" lon="-81.81135">
    <name>TP498</name>
  </trkpt>
  <trkpt lat="36.08859" lon="-81.81129">
    <name>TP499</name>
  </trkpt>
  <trkpt lat="36.08862" lon="-81.81127">
    <name>TP500</name>
  </trkpt>
  <trkpt lat="36.0887" lon="-81.81123">
    <name>TP501</name>
  </trkpt>
  <trkpt lat="36.08879" lon="-81.81118">
    <name>TP502</name>
  </trkpt>
  <trkpt lat="36.08884" lon="-81.81115">
    <name>TP503</name>
  </trkpt>
  <trkpt lat="36.08892" lon="-81.8111">
    <name>TP504</name>
  </trkpt>
  <trkpt lat="36.08895" lon="-81.81108">
    <name>TP505</name>
  </trkpt>
  <trkpt lat="36.08899" lon="-81.81106">
    <name>TP506</name>
  </trkpt>
  <trkpt lat="36.08907" lon="-81.811">
    <name>TP507</name>
  </trkpt>
  <trkpt lat="36.08911" lon="-81.81097">
    <name>TP508</name>
  </trkpt>
  <trkpt lat="36.0892" lon="-81.81089">
    <name>TP509</name>
  </trkpt>
  <trkpt lat="36.08926" lon="-81.81085">
    <name>TP510</name>
  </trkpt>
  <trkpt lat="36.08929" lon="-81.81082">
    <name>TP511</name>
  </trkpt>
  <trkpt lat="36.08941" lon="-81.81072">
    <name>TP512</name>
  </trkpt>
  <trkpt lat="36.08942" lon="-81.81071">
    <name>TP513</name>
  </trkpt>
  <trkpt lat="36.08943" lon="-81.8107">
    <name>TP514</name>
  </trkpt>
  <trkpt lat="36.08953" lon="-81.81062">
    <name>TP515</name>
  </trkpt>
  <trkpt lat="36.08954" lon="-81.81061">
    <name>TP516</name>
  </trkpt>
  <trkpt lat="36.08956" lon="-81.8106">
    <name>TP517</name>
  </trkpt>
  <trkpt lat="36.08969" lon="-81.81049">
    <name>TP518</name>
  </trkpt>
  <trkpt lat="36.08971" lon="-81.81047">
    <name>TP519</name>
  </trkpt>
  <trkpt lat="36.08973" lon="-81.81045">
    <name>TP520</name>
  </trkpt>
  <trkpt lat="36.0898" lon="-81.81039">
    <name>TP521</name>
  </trkpt>
  <trkpt lat="36.08986" lon="-81.81035">
    <name>TP522</name>
  </trkpt>
  <trkpt lat="36.08988" lon="-81.81033">
    <name>TP523</name>
  </trkpt>
  <trkpt lat="36.08989" lon="-81.81032">
    <name>TP524</name>
  </trkpt>
  <trkpt lat="36.08994" lon="-81.81028">
    <name>TP525</name>
  </trkpt>
  <trkpt lat="36.08999" lon="-81.81025">
    <name>TP526</name>
  </trkpt>
  <trkpt lat="36.09001" lon="-81.81024">
    <name>TP527</name>
  </trkpt>
  <trkpt lat="36.09004" lon="-81.81023">
    <name>TP528</name>
  </trkpt>
  <trkpt lat="36.09008" lon="-81.81021">
    <name>TP529</name>
  </trkpt>
  <trkpt lat="36.09012" lon="-81.8102">
    <name>TP530</name>
  </trkpt>
  <trkpt lat="36.09015" lon="-81.81019">
    <name>TP531</name>
  </trkpt>
  <trkpt lat="36.09017" lon="-81.81019">
    <name>TP532</name>
  </trkpt>
  <trkpt lat="36.0902" lon="-81.81019">
    <name>TP533</name>
  </trkpt>
  <trkpt lat="36.09024" lon="-81.8102">
    <name>TP534</name>
  </trkpt>
  <trkpt lat="36.0903" lon="-81.81021">
    <name>TP535</name>
  </trkpt>
  <trkpt lat="36.09034" lon="-81.81022">
    <name>TP536</name>
  </trkpt>
  <trkpt lat="36.09035" lon="-81.81023">
    <name>TP537</name>
  </trkpt>
  <trkpt lat="36.09039" lon="-81.81025">
    <name>TP538</name>
  </trkpt>
  <trkpt lat="36.09043" lon="-81.81028">
    <name>TP539</name>
  </trkpt>
  <trkpt lat="36.09047" lon="-81.81031">
    <name>TP540</name>
  </trkpt>
  <trkpt lat="36.09049" lon="-81.81032">
    <name>TP541</name>
  </trkpt>
  <trkpt lat="36.09052" lon="-81.81035">
    <name>TP542</name>
  </trkpt>
  <trkpt lat="36.09057" lon="-81.8104">
    <name>TP543</name>
  </trkpt>
  <trkpt lat="36.09062" lon="-81.81047">
    <name>TP544</name>
  </trkpt>
  <trkpt lat="36.09063" lon="-81.81048">
    <name>TP545</name>
  </trkpt>
  <trkpt lat="36.09071" lon="-81.81057">
    <name>TP546</name>
  </trkpt>
  <trkpt lat="36.09075" lon="-81.81062">
    <name>TP547</name>
  </trkpt>
  <trkpt lat="36.0908" lon="-81.81068">
    <name>TP548</name>
  </trkpt>
  <trkpt lat="36.09084" lon="-81.81072">
    <name>TP549</name>
  </trkpt>
  <trkpt lat="36.09088" lon="-81.81077">
    <name>TP550</name>
  </trkpt>
  <trkpt lat="36.09088" lon="-81.81078">
    <name>TP551</name>
  </trkpt>
  <trkpt lat="36.0909" lon="-81.8108">
    <name>TP552</name>
  </trkpt>
  <trkpt lat="36.09093" lon="-81.81083">
    <name>TP553</name>
  </trkpt>
  <trkpt lat="36.09102" lon="-81.81092">
    <name>TP554</name>
  </trkpt>
  <trkpt lat="36.0911" lon="-81.811">
    <name>TP555</name>
  </trkpt>
  <trkpt lat="36.09116" lon="-81.81103">
    <name>TP556</name>
  </trkpt>
  <trkpt lat="36.09116" lon="-81.81104">
    <name>TP557</name>
  </trkpt>
  <trkpt lat="36.09118" lon="-81.81105">
    <name>TP558</name>
  </trkpt>
  <trkpt lat="36.0912" lon="-81.81106">
    <name>TP559</name>
  </trkpt>
  <trkpt lat="36.09126" lon="-81.8111">
    <name>TP560</name>
  </trkpt>
  <trkpt lat="36.09131" lon="-81.81113">
    <name>TP561</name>
  </trkpt>
  <trkpt lat="36.09134" lon="-81.81114">
    <name>TP562</name>
  </trkpt>
  <trkpt lat="36.09138" lon="-81.81116">
    <name>TP563</name>
  </trkpt>
  <trkpt lat="36.09146" lon="-81.81119">
    <name>TP564</name>
  </trkpt>
  <trkpt lat="36.09151" lon="-81.81121">
    <name>TP565</name>
  </trkpt>
  <trkpt lat="36.09152" lon="-81.81121">
    <name>TP566</name>
  </trkpt>
  <trkpt lat="36.09156" lon="-81.81123">
    <name>TP567</name>
  </trkpt>
  <trkpt lat="36.09162" lon="-81.81124">
    <name>TP568</name>
  </trkpt>
  <trkpt lat="36.09166" lon="-81.81124">
    <name>TP569</name>
  </trkpt>
  <trkpt lat="36.0917" lon="-81.81124">
    <name>TP570</name>
  </trkpt>
  <trkpt lat="36.09171" lon="-81.81124">
    <name>TP571</name>
  </trkpt>
  <trkpt lat="36.09176" lon="-81.81123">
    <name>TP572</name>
  </trkpt>
  <trkpt lat="36.09179" lon="-81.81122">
    <name>TP573</name>
  </trkpt>
  <trkpt lat="36.09185" lon="-81.81119">
    <name>TP574</name>
  </trkpt>
  <trkpt lat="36.09188" lon="-81.81116">
    <name>TP575</name>
  </trkpt>
  <trkpt lat="36.09189" lon="-81.81116">
    <name>TP576</name>
  </trkpt>
  <trkpt lat="36.09192" lon="-81.81112">
    <name>TP577</name>
  </trkpt>
  <trkpt lat="36.09195" lon="-81.81108">
    <name>TP578</name>
  </trkpt>
  <trkpt lat="36.09199" lon="-81.81102">
    <name>TP579</name>
  </trkpt>
  <trkpt lat="36.09199" lon="-81.811">
    <name>TP580</name>
  </trkpt>
  <trkpt lat="36.092" lon="-81.81098">
    <name>TP581</name>
  </trkpt>
  <trkpt lat="36.09201" lon="-81.81096">
    <name>TP582</name>
  </trkpt>
  <trkpt lat="36.09202" lon="-81.81095">
    <name>TP583</name>
  </trkpt>
  <trkpt lat="36.09204" lon="-81.81088">
    <name>TP584</name>
  </trkpt>
  <trkpt lat="36.09207" lon="-81.81081">
    <name>TP585</name>
  </trkpt>
  <trkpt lat="36.09208" lon="-81.81078">
    <name>TP586</name>
  </trkpt>
  <trkpt lat="36.0921" lon="-81.81075">
    <name>TP587</name>
  </trkpt>
  <trkpt lat="36.09212" lon="-81.81072">
    <name>TP588</name>
  </trkpt>
  <trkpt lat="36.09215" lon="-81.81068">
    <name>TP589</name>
  </trkpt>
  <trkpt lat="36.09218" lon="-81.81065">
    <name>TP590</name>
  </trkpt>
  <trkpt lat="36.0922" lon="-81.81063">
    <name>TP591</name>
  </trkpt>
  <trkpt lat="36.09221" lon="-81.81063">
    <name>TP592</name>
  </trkpt>
  <trkpt lat="36.09224" lon="-81.8106">
    <name>TP593</name>
  </trkpt>
  <trkpt lat="36.09227" lon="-81.81059">
    <name>TP594</name>
  </trkpt>
  <trkpt lat="36.09232" lon="-81.81056">
    <name>TP595</name>
  </trkpt>
  <trkpt lat="36.09234" lon="-81.81056">
    <name>TP596</name>
  </trkpt>
  <trkpt lat="36.09236" lon="-81.81055">
    <name>TP597</name>
  </trkpt>
  <trkpt lat="36.09237" lon="-81.81055">
    <name>TP598</name>
  </trkpt>
  <trkpt lat="36.09238" lon="-81.81055">
    <name>TP599</name>
  </trkpt>
  <trkpt lat="36.09242" lon="-81.81054">
    <name>TP600</name>
  </trkpt>
  <trkpt lat="36.09246" lon="-81.81054">
    <name>TP601</name>
  </trkpt>
  <trkpt lat="36.09253" lon="-81.81053">
    <name>TP602</name>
  </trkpt>
  <trkpt lat="36.09259" lon="-81.81053">
    <name>TP603</name>
  </trkpt>
  <trkpt lat="36.09263" lon="-81.81053">
    <name>TP604</name>
  </trkpt>
  <trkpt lat="36.09267" lon="-81.81052">
    <name>TP605</name>
  </trkpt>
  <trkpt lat="36.09269" lon="-81.81051">
    <name>TP606</name>
  </trkpt>
  <trkpt lat="36.09271" lon="-81.81051">
    <name>TP607</name>
  </trkpt>
  <trkpt lat="36.09274" lon="-81.8105">
    <name>TP608</name>
  </trkpt>
  <trkpt lat="36.09276" lon="-81.81049">
    <name>TP609</name>
  </trkpt>
  <trkpt lat="36.09282" lon="-81.81047">
    <name>TP610</name>
  </trkpt>
  <trkpt lat="36.09286" lon="-81.81044">
    <name>TP611</name>
  </trkpt>
  <trkpt lat="36.09287" lon="-81.81043">
    <name>TP612</name>
  </trkpt>
  <trkpt lat="36.09289" lon="-81.81042">
    <name>TP613</name>
  </trkpt>
  <trkpt lat="36.0929" lon="-81.81041">
    <name>TP614</name>
  </trkpt>
  <trkpt lat="36.09291" lon="-81.8104">
    <name>TP615</name>
  </trkpt>
  <trkpt lat="36.09294" lon="-81.81036">
    <name>TP616</name>
  </trkpt>
  <trkpt lat="36.09298" lon="-81.81032">
    <name>TP617</name>
  </trkpt>
  <trkpt lat="36.09301" lon="-81.81028">
    <name>TP618</name>
  </trkpt>
  <trkpt lat="36.09302" lon="-81.81025">
    <name>TP619</name>
  </trkpt>
  <trkpt lat="36.09303" lon="-81.81024">
    <name>TP620</name>
  </trkpt>
  <trkpt lat="36.09304" lon="-81.81022">
    <name>TP621</name>
  </trkpt>
  <trkpt lat="36.09305" lon="-81.8102">
    <name>TP622</name>
  </trkpt>
  <trkpt lat="36.09306" lon="-81.81016">
    <name>TP623</name>
  </trkpt>
  <trkpt lat="36.09308" lon="-81.81012">
    <name>TP624</name>
  </trkpt>
  <trkpt lat="36.0931" lon="-81.81007">
    <name>TP625</name>
  </trkpt>
  <trkpt lat="36.0931" lon="-81.81006">
    <name>TP626</name>
  </trkpt>
  <trkpt lat="36.0931" lon="-81.81005">
    <name>TP627</name>
  </trkpt>
  <trkpt lat="36.09311" lon="-81.81001">
    <name>TP628</name>
  </trkpt>
  <trkpt lat="36.09313" lon="-81.80994">
    <name>TP629</name>
  </trkpt>
  <trkpt lat="36.09314" lon="-81.80985">
    <name>TP630</name>
  </trkpt>
  <trkpt lat="36.09315" lon="-81.80983">
    <name>TP631</name>
  </trkpt>
  <trkpt lat="36.09315" lon="-81.80979">
    <name>TP632</name>
  </trkpt>
  <trkpt lat="36.09315" lon="-81.80978">
    <name>TP633</name>
  </trkpt>
  <trkpt lat="36.09317" lon="-81.80972">
    <name>TP634</name>
  </trkpt>
  <trkpt lat="36.09317" lon="-81.80968">
    <name>TP635</name>
  </trkpt>
  <trkpt lat="36.09318" lon="-81.80963">
    <name>TP636</name>
  </trkpt>
  <trkpt lat="36.09319" lon="-81.80961">
    <name>TP637</name>
  </trkpt>
  <trkpt lat="36.0932" lon="-81.80959">
    <name>TP638</name>
  </trkpt>
  <trkpt lat="36.09321" lon="-81.80956">
    <name>TP639</name>
  </trkpt>
  <trkpt lat="36.09322" lon="-81.80953">
    <name>TP640</name>
  </trkpt>
  <trkpt lat="36.09324" lon="-81.8095">
    <name>TP641</name>
  </trkpt>
  <trkpt lat="36.09325" lon="-81.80948">
    <name>TP642</name>
  </trkpt>
  <trkpt lat="36.09328" lon="-81.80945">
    <name>TP643</name>
  </trkpt>
  <trkpt lat="36.09331" lon="-81.80943">
    <name>TP644</name>
  </trkpt>
  <trkpt lat="36.09334" lon="-81.8094">
    <name>TP645</name>
  </trkpt>
  <trkpt lat="36.09338" lon="-81.80938">
    <name>TP646</name>
  </trkpt>
  <trkpt lat="36.09343" lon="-81.80936">
    <name>TP647</name>
  </trkpt>
  <trkpt lat="36.09343" lon="-81.80935">
    <name>TP648</name>
  </trkpt>
  <trkpt lat="36.09346" lon="-81.80934">
    <name>TP649</name>
  </trkpt>
  <trkpt lat="36.0935" lon="-81.80932">
    <name>TP650</name>
  </trkpt>
  <trkpt lat="36.09356" lon="-81.80928">
    <name>TP651</name>
  </trkpt>
  <trkpt lat="36.09358" lon="-81.80927">
    <name>TP652</name>
  </trkpt>
  <trkpt lat="36.0936" lon="-81.80926">
    <name>TP653</name>
  </trkpt>
  <trkpt lat="36.09362" lon="-81.80924">
    <name>TP654</name>
  </trkpt>
  <trkpt lat="36.09367" lon="-81.8092">
    <name>TP655</name>
  </trkpt>
  <trkpt lat="36.09371" lon="-81.80915">
    <name>TP656</name>
  </trkpt>
  <trkpt lat="36.09375" lon="-81.80912">
    <name>TP657</name>
  </trkpt>
  <trkpt lat="36.09376" lon="-81.80911">
    <name>TP658</name>
  </trkpt>
  <trkpt lat="36.0938" lon="-81.80905">
    <name>TP659</name>
  </trkpt>
  <trkpt lat="36.09386" lon="-81.80898">
    <name>TP660</name>
  </trkpt>
  <trkpt lat="36.09387" lon="-81.80895">
    <name>TP661</name>
  </trkpt>
  <trkpt lat="36.09389" lon="-81.80893">
    <name>TP662</name>
  </trkpt>
  <trkpt lat="36.0939" lon="-81.80892">
    <name>TP663</name>
  </trkpt>
  <trkpt lat="36.09393" lon="-81.80886">
    <name>TP664</name>
  </trkpt>
  <trkpt lat="36.09396" lon="-81.80881">
    <name>TP665</name>
  </trkpt>
  <trkpt lat="36.09397" lon="-81.80879">
    <name>TP666</name>
  </trkpt>
  <trkpt lat="36.09398" lon="-81.80877">
    <name>TP667</name>
  </trkpt>
  <trkpt lat="36.09399" lon="-81.80876">
    <name>TP668</name>
  </trkpt>
  <trkpt lat="36.09402" lon="-81.80869">
    <name>TP669</name>
  </trkpt>
  <trkpt lat="36.09404" lon="-81.80863">
    <name>TP670</name>
  </trkpt>
  <trkpt lat="36.09407" lon="-81.80856">
    <name>TP671</name>
  </trkpt>
  <trkpt lat="36.09409" lon="-81.8085">
    <name>TP672</name>
  </trkpt>
  <trkpt lat="36.0941" lon="-81.80845">
    <name>TP673</name>
  </trkpt>
  <trkpt lat="36.09411" lon="-81.80839">
    <name>TP674</name>
  </trkpt>
  <trkpt lat="36.09412" lon="-81.80835">
    <name>TP675</name>
  </trkpt>
  <trkpt lat="36.09412" lon="-81.80833">
    <name>TP676</name>
  </trkpt>
  <trkpt lat="36.09413" lon="-81.80827">
    <name>TP677</name>
  </trkpt>
  <trkpt lat="36.09414" lon="-81.80821">
    <name>TP678</name>
  </trkpt>
  <trkpt lat="36.09414" lon="-81.80815">
    <name>TP679</name>
  </trkpt>
  <trkpt lat="36.09415" lon="-81.80813">
    <name>TP680</name>
  </trkpt>
  <trkpt lat="36.09415" lon="-81.80809">
    <name>TP681</name>
  </trkpt>
  <trkpt lat="36.09415" lon="-81.80802">
    <name>TP682</name>
  </trkpt>
  <trkpt lat="36.09416" lon="-81.80796">
    <name>TP683</name>
  </trkpt>
  <trkpt lat="36.09416" lon="-81.80789">
    <name>TP684</name>
  </trkpt>
  <trkpt lat="36.09416" lon="-81.80785">
    <name>TP685</name>
  </trkpt>
  <trkpt lat="36.09416" lon="-81.8078">
    <name>TP686</name>
  </trkpt>
  <trkpt lat="36.09415" lon="-81.80777">
    <name>TP687</name>
  </trkpt>
  <trkpt lat="36.09415" lon="-81.80773">
    <name>TP688</name>
  </trkpt>
  <trkpt lat="36.09415" lon="-81.80769">
    <name>TP689</name>
  </trkpt>
  <trkpt lat="36.09414" lon="-81.80762">
    <name>TP690</name>
  </trkpt>
  <trkpt lat="36.09413" lon="-81.80757">
    <name>TP691</name>
  </trkpt>
  <trkpt lat="36.09412" lon="-81.80752">
    <name>TP692</name>
  </trkpt>
  <trkpt lat="36.09411" lon="-81.80746">
    <name>TP693</name>
  </trkpt>
  <trkpt lat="36.09411" lon="-81.80745">
    <name>TP694</name>
  </trkpt>
  <trkpt lat="36.0941" lon="-81.80742">
    <name>TP695</name>
  </trkpt>
  <trkpt lat="36.0941" lon="-81.80739">
    <name>TP696</name>
  </trkpt>
  <trkpt lat="36.0941" lon="-81.80734">
    <name>TP697</name>
  </trkpt>
  <trkpt lat="36.09409" lon="-81.8073">
    <name>TP698</name>
  </trkpt>
  <trkpt lat="36.09409" lon="-81.80727">
    <name>TP699</name>
  </trkpt>
  <trkpt lat="36.0941" lon="-81.80724">
    <name>TP700</name>
  </trkpt>
  <trkpt lat="36.0941" lon="-81.80723">
    <name>TP701</name>
  </trkpt>
  <trkpt lat="36.0941" lon="-81.80722">
    <name>TP702</name>
  </trkpt>
  <trkpt lat="36.09411" lon="-81.80721">
    <name>TP703</name>
  </trkpt>
  <trkpt lat="36.09411" lon="-81.80719">
    <name>TP704</name>
  </trkpt>
  <trkpt lat="36.09412" lon="-81.80717">
    <name>TP705</name>
  </trkpt>
  <trkpt lat="36.09413" lon="-81.80715">
    <name>TP706</name>
  </trkpt>
  <trkpt lat="36.09414" lon="-81.80714">
    <name>TP707</name>
  </trkpt>
  <trkpt lat="36.09415" lon="-81.80712">
    <name>TP708</name>
  </trkpt>
  <trkpt lat="36.09417" lon="-81.80711">
    <name>TP709</name>
  </trkpt>
  <trkpt lat="36.09419" lon="-81.80709">
    <name>TP710</name>
  </trkpt>
  <trkpt lat="36.09421" lon="-81.80708">
    <name>TP711</name>
  </trkpt>
  <trkpt lat="36.09424" lon="-81.80707">
    <name>TP712</name>
  </trkpt>
  <trkpt lat="36.09426" lon="-81.80706">
    <name>TP713</name>
  </trkpt>
  <trkpt lat="36.0943" lon="-81.80706">
    <name>TP714</name>
  </trkpt>
  <trkpt lat="36.09433" lon="-81.80706">
    <name>TP715</name>
  </trkpt>
  <trkpt lat="36.09436" lon="-81.80707">
    <name>TP716</name>
  </trkpt>
  <trkpt lat="36.09438" lon="-81.80708">
    <name>TP717</name>
  </trkpt>
  <trkpt lat="36.09442" lon="-81.80709">
    <name>TP718</name>
  </trkpt>
  <trkpt lat="36.09445" lon="-81.80711">
    <name>TP719</name>
  </trkpt>
  <trkpt lat="36.09447" lon="-81.80712">
    <name>TP720</name>
  </trkpt>
  <trkpt lat="36.0945" lon="-81.80714">
    <name>TP721</name>
  </trkpt>
  <trkpt lat="36.09453" lon="-81.80717">
    <name>TP722</name>
  </trkpt>
  <trkpt lat="36.09458" lon="-81.80721">
    <name>TP723</name>
  </trkpt>
  <trkpt lat="36.09463" lon="-81.80726">
    <name>TP724</name>
  </trkpt>
  <trkpt lat="36.09464" lon="-81.80727">
    <name>TP725</name>
  </trkpt>
  <trkpt lat="36.09465" lon="-81.80728">
    <name>TP726</name>
  </trkpt>
  <trkpt lat="36.09466" lon="-81.80729">
    <name>TP727</name>
  </trkpt>
  <trkpt lat="36.09471" lon="-81.80733">
    <name>TP728</name>
  </trkpt>
  <trkpt lat="36.09475" lon="-81.80737">
    <name>TP729</name>
  </trkpt>
  <trkpt lat="36.09478" lon="-81.80739">
    <name>TP730</name>
  </trkpt>
  <trkpt lat="36.09481" lon="-81.80742">
    <name>TP731</name>
  </trkpt>
  <trkpt lat="36.09482" lon="-81.80742">
    <name>TP732</name>
  </trkpt>
  <trkpt lat="36.09488" lon="-81.80747">
    <name>TP733</name>
  </trkpt>
  <trkpt lat="36.09494" lon="-81.8075">
    <name>TP734</name>
  </trkpt>
  <trkpt lat="36.09495" lon="-81.80751">
    <name>TP735</name>
  </trkpt>
  <trkpt lat="36.09498" lon="-81.80753">
    <name>TP736</name>
  </trkpt>
  <trkpt lat="36.09503" lon="-81.80755">
    <name>TP737</name>
  </trkpt>
  <trkpt lat="36.0951" lon="-81.80757">
    <name>TP738</name>
  </trkpt>
  <trkpt lat="36.09515" lon="-81.80759">
    <name>TP739</name>
  </trkpt>
  <trkpt lat="36.0952" lon="-81.8076">
    <name>TP740</name>
  </trkpt>
  <trkpt lat="36.09526" lon="-81.80761">
    <name>TP741</name>
  </trkpt>
  <trkpt lat="36.09531" lon="-81.80761">
    <name>TP742</name>
  </trkpt>
  <trkpt lat="36.09533" lon="-81.80761">
    <name>TP743</name>
  </trkpt>
  <trkpt lat="36.09541" lon="-81.80761">
    <name>TP744</name>
  </trkpt>
  <trkpt lat="36.09549" lon="-81.80761">
    <name>TP745</name>
  </trkpt>
  <trkpt lat="36.09552" lon="-81.80761">
    <name>TP746</name>
  </trkpt>
  <trkpt lat="36.09567" lon="-81.8076">
    <name>TP747</name>
  </trkpt>
  <trkpt lat="36.09573" lon="-81.8076">
    <name>TP748</name>
  </trkpt>
  <trkpt lat="36.09585" lon="-81.8076">
    <name>TP749</name>
  </trkpt>
  <trkpt lat="36.09592" lon="-81.8076">
    <name>TP750</name>
  </trkpt>
  <trkpt lat="36.09614" lon="-81.80761">
    <name>TP751</name>
  </trkpt>
  <trkpt lat="36.09621" lon="-81.80762">
    <name>TP752</name>
  </trkpt>
  <trkpt lat="36.09633" lon="-81.80764">
    <name>TP753</name>
  </trkpt>
  <trkpt lat="36.09638" lon="-81.80764">
    <name>TP754</name>
  </trkpt>
  <trkpt lat="36.09656" lon="-81.80766">
    <name>TP755</name>
  </trkpt>
  <trkpt lat="36.09671" lon="-81.80768">
    <name>TP756</name>
  </trkpt>
  <trkpt lat="36.09673" lon="-81.80768">
    <name>TP757</name>
  </trkpt>
  <trkpt lat="36.09675" lon="-81.80768">
    <name>TP758</name>
  </trkpt>
  <trkpt lat="36.09677" lon="-81.80768">
    <name>TP759</name>
  </trkpt>
  <trkpt lat="36.09679" lon="-81.80767">
    <name>TP760</name>
  </trkpt>
  <trkpt lat="36.09686" lon="-81.80766">
    <name>TP761</name>
  </trkpt>
  <trkpt lat="36.09692" lon="-81.80762">
    <name>TP762</name>
  </trkpt>
  <trkpt lat="36.09696" lon="-81.80758">
    <name>TP763</name>
  </trkpt>
  <trkpt lat="36.09699" lon="-81.80753">
    <name>TP764</name>
  </trkpt>
  <trkpt lat="36.09701" lon="-81.80749">
    <name>TP765</name>
  </trkpt>
  <trkpt lat="36.09703" lon="-81.80745">
    <name>TP766</name>
  </trkpt>
  <trkpt lat="36.09703" lon="-81.80743">
    <name>TP767</name>
  </trkpt>
  <trkpt lat="36.09704" lon="-81.8074">
    <name>TP768</name>
  </trkpt>
  <trkpt lat="36.09704" lon="-81.80737">
    <name>TP769</name>
  </trkpt>
  <trkpt lat="36.09704" lon="-81.80736">
    <name>TP770</name>
  </trkpt>
  <trkpt lat="36.09704" lon="-81.80734">
    <name>TP771</name>
  </trkpt>
  <trkpt lat="36.09704" lon="-81.80731">
    <name>TP772</name>
  </trkpt>
  <trkpt lat="36.09703" lon="-81.80728">
    <name>TP773</name>
  </trkpt>
  <trkpt lat="36.09703" lon="-81.80725">
    <name>TP774</name>
  </trkpt>
  <trkpt lat="36.09702" lon="-81.80721">
    <name>TP775</name>
  </trkpt>
  <trkpt lat="36.09701" lon="-81.80717">
    <name>TP776</name>
  </trkpt>
  <trkpt lat="36.09699" lon="-81.80711">
    <name>TP777</name>
  </trkpt>
  <trkpt lat="36.09694" lon="-81.80696">
    <name>TP778</name>
  </trkpt>
  <trkpt lat="36.09694" lon="-81.80695">
    <name>TP779</name>
  </trkpt>
  <trkpt lat="36.09691" lon="-81.80686">
    <name>TP780</name>
  </trkpt>
  <trkpt lat="36.09689" lon="-81.8068">
    <name>TP781</name>
  </trkpt>
  <trkpt lat="36.09687" lon="-81.80675">
    <name>TP782</name>
  </trkpt>
  <trkpt lat="36.09679" lon="-81.80657">
    <name>TP783</name>
  </trkpt>
  <trkpt lat="36.09678" lon="-81.80656">
    <name>TP784</name>
  </trkpt>
  <trkpt lat="36.09673" lon="-81.80645">
    <name>TP785</name>
  </trkpt>
  <trkpt lat="36.0967" lon="-81.80639">
    <name>TP786</name>
  </trkpt>
  <trkpt lat="36.09669" lon="-81.80637">
    <name>TP787</name>
  </trkpt>
  <trkpt lat="36.09669" lon="-81.80635">
    <name>TP788</name>
  </trkpt>
  <trkpt lat="36.09668" lon="-81.80634">
    <name>TP789</name>
  </trkpt>
  <trkpt lat="36.09667" lon="-81.8063">
    <name>TP790</name>
  </trkpt>
  <trkpt lat="36.09666" lon="-81.80626">
    <name>TP791</name>
  </trkpt>
  <trkpt lat="36.09666" lon="-81.80622">
    <name>TP792</name>
  </trkpt>
  <trkpt lat="36.09666" lon="-81.80616">
    <name>TP793</name>
  </trkpt>
  <trkpt lat="36.09666" lon="-81.80613">
    <name>TP794</name>
  </trkpt>
  <trkpt lat="36.09666" lon="-81.8061">
    <name>TP795</name>
  </trkpt>
  <trkpt lat="36.09667" lon="-81.80603">
    <name>TP796</name>
  </trkpt>
  <trkpt lat="36.09668" lon="-81.80595">
    <name>TP797</name>
  </trkpt>
  <trkpt lat="36.09668" lon="-81.80594">
    <name>TP798</name>
  </trkpt>
  <trkpt lat="36.09671" lon="-81.80578">
    <name>TP799</name>
  </trkpt>
  <trkpt lat="36.09672" lon="-81.8057">
    <name>TP800</name>
  </trkpt>
  <trkpt lat="36.09673" lon="-81.80567">
    <name>TP801</name>
  </trkpt>
  <trkpt lat="36.09675" lon="-81.80555">
    <name>TP802</name>
  </trkpt>
  <trkpt lat="36.09676" lon="-81.80552">
    <name>TP803</name>
  </trkpt>
  <trkpt lat="36.09677" lon="-81.80544">
    <name>TP804</name>
  </trkpt>
  <trkpt lat="36.09678" lon="-81.80535">
    <name>TP805</name>
  </trkpt>
  <trkpt lat="36.09678" lon="-81.80529">
    <name>TP806</name>
  </trkpt>
  <trkpt lat="36.09678" lon="-81.80527">
    <name>TP807</name>
  </trkpt>
  <trkpt lat="36.09678" lon="-81.8052">
    <name>TP808</name>
  </trkpt>
  <trkpt lat="36.09678" lon="-81.80513">
    <name>TP809</name>
  </trkpt>
  <trkpt lat="36.09678" lon="-81.80507">
    <name>TP810</name>
  </trkpt>
  <trkpt lat="36.09677" lon="-81.80506">
    <name>TP811</name>
  </trkpt>
  <trkpt lat="36.09676" lon="-81.80498">
    <name>TP812</name>
  </trkpt>
  <trkpt lat="36.09675" lon="-81.80489">
    <name>TP813</name>
  </trkpt>
  <trkpt lat="36.09674" lon="-81.80484">
    <name>TP814</name>
  </trkpt>
  <trkpt lat="36.09672" lon="-81.80476">
    <name>TP815</name>
  </trkpt>
  <trkpt lat="36.0967" lon="-81.80466">
    <name>TP816</name>
  </trkpt>
  <trkpt lat="36.09669" lon="-81.80463">
    <name>TP817</name>
  </trkpt>
  <trkpt lat="36.09664" lon="-81.80441">
    <name>TP818</name>
  </trkpt>
  <trkpt lat="36.09663" lon="-81.80438">
    <name>TP819</name>
  </trkpt>
  <trkpt lat="36.09659" lon="-81.8042">
    <name>TP820</name>
  </trkpt>
  <trkpt lat="36.09657" lon="-81.80411">
    <name>TP821</name>
  </trkpt>
  <trkpt lat="36.09654" lon="-81.80399">
    <name>TP822</name>
  </trkpt>
  <trkpt lat="36.09649" lon="-81.80377">
    <name>TP823</name>
  </trkpt>
  <trkpt lat="36.09648" lon="-81.80375">
    <name>TP824</name>
  </trkpt>
  <trkpt lat="36.09645" lon="-81.80357">
    <name>TP825</name>
  </trkpt>
  <trkpt lat="36.09644" lon="-81.80356">
    <name>TP826</name>
  </trkpt>
  <trkpt lat="36.0964" lon="-81.80334">
    <name>TP827</name>
  </trkpt>
  <trkpt lat="36.09636" lon="-81.80316">
    <name>TP828</name>
  </trkpt>
  <trkpt lat="36.09635" lon="-81.80313">
    <name>TP829</name>
  </trkpt>
  <trkpt lat="36.09631" lon="-81.80291">
    <name>TP830</name>
  </trkpt>
  <trkpt lat="36.09627" lon="-81.80276">
    <name>TP831</name>
  </trkpt>
  <trkpt lat="36.09626" lon="-81.8027">
    <name>TP832</name>
  </trkpt>
  <trkpt lat="36.09618" lon="-81.80233">
    <name>TP833</name>
  </trkpt>
  <trkpt lat="36.09616" lon="-81.80227">
    <name>TP834</name>
  </trkpt>
  <trkpt lat="36.09613" lon="-81.80214">
    <name>TP835</name>
  </trkpt>
  <trkpt lat="36.09609" lon="-81.80196">
    <name>TP836</name>
  </trkpt>
  <trkpt lat="36.09605" lon="-81.80184">
    <name>TP837</name>
  </trkpt>
  <trkpt lat="36.09604" lon="-81.80183">
    <name>TP838</name>
  </trkpt>
  <trkpt lat="36.096" lon="-81.80174">
    <name>TP839</name>
  </trkpt>
  <trkpt lat="36.09596" lon="-81.80164">
    <name>TP840</name>
  </trkpt>
  <trkpt lat="36.09594" lon="-81.8016">
    <name>TP841</name>
  </trkpt>
  <trkpt lat="36.09587" lon="-81.8015">
    <name>TP842</name>
  </trkpt>
  <trkpt lat="36.09584" lon="-81.80146">
    <name>TP843</name>
  </trkpt>
  <trkpt lat="36.09582" lon="-81.80143">
    <name>TP844</name>
  </trkpt>
  <trkpt lat="36.09572" lon="-81.80132">
    <name>TP845</name>
  </trkpt>
  <trkpt lat="36.09571" lon="-81.80131">
    <name>TP846</name>
  </trkpt>
  <trkpt lat="36.0956" lon="-81.80122">
    <name>TP847</name>
  </trkpt>
  <trkpt lat="36.09555" lon="-81.80119">
    <name>TP848</name>
  </trkpt>
  <trkpt lat="36.09552" lon="-81.80118">
    <name>TP849</name>
  </trkpt>
  <trkpt lat="36.09541" lon="-81.80112">
    <name>TP850</name>
  </trkpt>
  <trkpt lat="36.09532" lon="-81.80109">
    <name>TP851</name>
  </trkpt>
  <trkpt lat="36.0952" lon="-81.80105">
    <name>TP852</name>
  </trkpt>
  <trkpt lat="36.09518" lon="-81.80104">
    <name>TP853</name>
  </trkpt>
  <trkpt lat="36.09508" lon="-81.80101">
    <name>TP854</name>
  </trkpt>
  <trkpt lat="36.09503" lon="-81.80099">
    <name>TP855</name>
  </trkpt>
  <trkpt lat="36.09501" lon="-81.80098">
    <name>TP856</name>
  </trkpt>
  <trkpt lat="36.09497" lon="-81.80095">
    <name>TP857</name>
  </trkpt>
  <trkpt lat="36.09493" lon="-81.80091">
    <name>TP858</name>
  </trkpt>
  <trkpt lat="36.0949" lon="-81.80087">
    <name>TP859</name>
  </trkpt>
  <trkpt lat="36.09488" lon="-81.80083">
    <name>TP860</name>
  </trkpt>
  <trkpt lat="36.09487" lon="-81.80079">
    <name>TP861</name>
  </trkpt>
  <trkpt lat="36.09486" lon="-81.80075">
    <name>TP862</name>
  </trkpt>
  <trkpt lat="36.09486" lon="-81.8007">
    <name>TP863</name>
  </trkpt>
  <trkpt lat="36.09486" lon="-81.80068">
    <name>TP864</name>
  </trkpt>
  <trkpt lat="36.09486" lon="-81.80065">
    <name>TP865</name>
  </trkpt>
  <trkpt lat="36.09488" lon="-81.80053">
    <name>TP866</name>
  </trkpt>
  <trkpt lat="36.09489" lon="-81.80047">
    <name>TP867</name>
  </trkpt>
  <trkpt lat="36.09489" lon="-81.80045">
    <name>TP868</name>
  </trkpt>
  <trkpt lat="36.0949" lon="-81.80036">
    <name>TP869</name>
  </trkpt>
  <trkpt lat="36.0949" lon="-81.80029">
    <name>TP870</name>
  </trkpt>
  <trkpt lat="36.0949" lon="-81.80024">
    <name>TP871</name>
  </trkpt>
  <trkpt lat="36.0949" lon="-81.80021">
    <name>TP872</name>
  </trkpt>
  <trkpt lat="36.09488" lon="-81.80013">
    <name>TP873</name>
  </trkpt>
  <trkpt lat="36.09486" lon="-81.80005">
    <name>TP874</name>
  </trkpt>
  <trkpt lat="36.09485" lon="-81.80002">
    <name>TP875</name>
  </trkpt>
  <trkpt lat="36.09484" lon="-81.79999">
    <name>TP876</name>
  </trkpt>
  <trkpt lat="36.09481" lon="-81.79992">
    <name>TP877</name>
  </trkpt>
  <trkpt lat="36.09477" lon="-81.79987">
    <name>TP878</name>
  </trkpt>
  <trkpt lat="36.09474" lon="-81.79982">
    <name>TP879</name>
  </trkpt>
  <trkpt lat="36.09473" lon="-81.79982">
    <name>TP880</name>
  </trkpt>
  <trkpt lat="36.09468" lon="-81.79975">
    <name>TP881</name>
  </trkpt>
  <trkpt lat="36.09461" lon="-81.79968">
    <name>TP882</name>
  </trkpt>
  <trkpt lat="36.09454" lon="-81.79962">
    <name>TP883</name>
  </trkpt>
  <trkpt lat="36.09445" lon="-81.79955">
    <name>TP884</name>
  </trkpt>
  <trkpt lat="36.09442" lon="-81.79953">
    <name>TP885</name>
  </trkpt>
  <trkpt lat="36.09436" lon="-81.79948">
    <name>TP886</name>
  </trkpt>
  <trkpt lat="36.0943" lon="-81.79943">
    <name>TP887</name>
  </trkpt>
  <trkpt lat="36.09424" lon="-81.79937">
    <name>TP888</name>
  </trkpt>
  <trkpt lat="36.09418" lon="-81.7993">
    <name>TP889</name>
  </trkpt>
  <trkpt lat="36.09417" lon="-81.79929">
    <name>TP890</name>
  </trkpt>
  <trkpt lat="36.09413" lon="-81.79924">
    <name>TP891</name>
  </trkpt>
  <trkpt lat="36.09408" lon="-81.79917">
    <name>TP892</name>
  </trkpt>
  <trkpt lat="36.09404" lon="-81.79909">
    <name>TP893</name>
  </trkpt>
  <trkpt lat="36.09401" lon="-81.79903">
    <name>TP894</name>
  </trkpt>
  <trkpt lat="36.09399" lon="-81.79896">
    <name>TP895</name>
  </trkpt>
  <trkpt lat="36.09398" lon="-81.79893">
    <name>TP896</name>
  </trkpt>
  <trkpt lat="36.09396" lon="-81.79888">
    <name>TP897</name>
  </trkpt>
  <trkpt lat="36.09394" lon="-81.7988">
    <name>TP898</name>
  </trkpt>
  <trkpt lat="36.09393" lon="-81.79873">
    <name>TP899</name>
  </trkpt>
  <trkpt lat="36.09393" lon="-81.79872">
    <name>TP900</name>
  </trkpt>
  <trkpt lat="36.09392" lon="-81.79866">
    <name>TP901</name>
  </trkpt>
  <trkpt lat="36.09392" lon="-81.79858">
    <name>TP902</name>
  </trkpt>
  <trkpt lat="36.09392" lon="-81.79851">
    <name>TP903</name>
  </trkpt>
  <trkpt lat="36.09392" lon="-81.79848">
    <name>TP904</name>
  </trkpt>
  <trkpt lat="36.09393" lon="-81.7984">
    <name>TP905</name>
  </trkpt>
  <trkpt lat="36.09394" lon="-81.79832">
    <name>TP906</name>
  </trkpt>
  <trkpt lat="36.09395" lon="-81.79829">
    <name>TP907</name>
  </trkpt>
  <trkpt lat="36.09396" lon="-81.79826">
    <name>TP908</name>
  </trkpt>
  <trkpt lat="36.09398" lon="-81.79819">
    <name>TP909</name>
  </trkpt>
  <trkpt lat="36.094" lon="-81.7981">
    <name>TP910</name>
  </trkpt>
  <trkpt lat="36.09401" lon="-81.79809">
    <name>TP911</name>
  </trkpt>
  <trkpt lat="36.09404" lon="-81.79802">
    <name>TP912</name>
  </trkpt>
  <trkpt lat="36.09409" lon="-81.79792">
    <name>TP913</name>
  </trkpt>
  <trkpt lat="36.0941" lon="-81.79791">
    <name>TP914</name>
  </trkpt>
  <trkpt lat="36.09415" lon="-81.79781">
    <name>TP915</name>
  </trkpt>
  <trkpt lat="36.0942" lon="-81.79772">
    <name>TP916</name>
  </trkpt>
  <trkpt lat="36.09424" lon="-81.79764">
    <name>TP917</name>
  </trkpt>
  <trkpt lat="36.09433" lon="-81.79748">
    <name>TP918</name>
  </trkpt>
  <trkpt lat="36.0944" lon="-81.79735">
    <name>TP919</name>
  </trkpt>
  <trkpt lat="36.09445" lon="-81.79725">
    <name>TP920</name>
  </trkpt>
  <trkpt lat="36.09449" lon="-81.79717">
    <name>TP921</name>
  </trkpt>
  <trkpt lat="36.09449" lon="-81.79716">
    <name>TP922</name>
  </trkpt>
  <trkpt lat="36.09454" lon="-81.79708">
    <name>TP923</name>
  </trkpt>
  <trkpt lat="36.09458" lon="-81.79701">
    <name>TP924</name>
  </trkpt>
  <trkpt lat="36.0946" lon="-81.79699">
    <name>TP925</name>
  </trkpt>
  <trkpt lat="36.09462" lon="-81.79697">
    <name>TP926</name>
  </trkpt>
  <trkpt lat="36.09465" lon="-81.79693">
    <name>TP927</name>
  </trkpt>
  <trkpt lat="36.09469" lon="-81.7969">
    <name>TP928</name>
  </trkpt>
  <trkpt lat="36.09473" lon="-81.79687">
    <name>TP929</name>
  </trkpt>
  <trkpt lat="36.09474" lon="-81.79687">
    <name>TP930</name>
  </trkpt>
  <trkpt lat="36.09477" lon="-81.79685">
    <name>TP931</name>
  </trkpt>
  <trkpt lat="36.09481" lon="-81.79683">
    <name>TP932</name>
  </trkpt>
  <trkpt lat="36.09485" lon="-81.79682">
    <name>TP933</name>
  </trkpt>
  <trkpt lat="36.0949" lon="-81.79681">
    <name>TP934</name>
  </trkpt>
  <trkpt lat="36.09491" lon="-81.79681">
    <name>TP935</name>
  </trkpt>
  <trkpt lat="36.09497" lon="-81.79681">
    <name>TP936</name>
  </trkpt>
  <trkpt lat="36.09507" lon="-81.79681">
    <name>TP937</name>
  </trkpt>
  <trkpt lat="36.09508" lon="-81.79681">
    <name>TP938</name>
  </trkpt>
  <trkpt lat="36.09527" lon="-81.79682">
    <name>TP939</name>
  </trkpt>
  <trkpt lat="36.09544" lon="-81.79682">
    <name>TP940</name>
  </trkpt>
  <trkpt lat="36.09554" lon="-81.79681">
    <name>TP941</name>
  </trkpt>
  <trkpt lat="36.09562" lon="-81.7968">
    <name>TP942</name>
  </trkpt>
  <trkpt lat="36.09565" lon="-81.7968">
    <name>TP943</name>
  </trkpt>
  <trkpt lat="36.0958" lon="-81.79677">
    <name>TP944</name>
  </trkpt>
  <trkpt lat="36.09581" lon="-81.79677">
    <name>TP945</name>
  </trkpt>
  <trkpt lat="36.09593" lon="-81.79674">
    <name>TP946</name>
  </trkpt>
  <trkpt lat="36.09598" lon="-81.79672">
    <name>TP947</name>
  </trkpt>
  <trkpt lat="36.09606" lon="-81.7967">
    <name>TP948</name>
  </trkpt>
  <trkpt lat="36.09615" lon="-81.79667">
    <name>TP949</name>
  </trkpt>
  <trkpt lat="36.09625" lon="-81.79664">
    <name>TP950</name>
  </trkpt>
  <trkpt lat="36.09633" lon="-81.79661">
    <name>TP951</name>
  </trkpt>
  <trkpt lat="36.09642" lon="-81.79659">
    <name>TP952</name>
  </trkpt>
  <trkpt lat="36.0965" lon="-81.79656">
    <name>TP953</name>
  </trkpt>
  <trkpt lat="36.09666" lon="-81.79652">
    <name>TP954</name>
  </trkpt>
  <trkpt lat="36.09668" lon="-81.79651">
    <name>TP955</name>
  </trkpt>
  <trkpt lat="36.09674" lon="-81.79648">
    <name>TP956</name>
  </trkpt>
  <trkpt lat="36.0968" lon="-81.79645">
    <name>TP957</name>
  </trkpt>
  <trkpt lat="36.09684" lon="-81.79641">
    <name>TP958</name>
  </trkpt>
  <trkpt lat="36.09685" lon="-81.7964">
    <name>TP959</name>
  </trkpt>
  <trkpt lat="36.09687" lon="-81.79638">
    <name>TP960</name>
  </trkpt>
  <trkpt lat="36.0969" lon="-81.79633">
    <name>TP961</name>
  </trkpt>
  <trkpt lat="36.09691" lon="-81.7963">
    <name>TP962</name>
  </trkpt>
  <trkpt lat="36.09692" lon="-81.79628">
    <name>TP963</name>
  </trkpt>
  <trkpt lat="36.09693" lon="-81.79624">
    <name>TP964</name>
  </trkpt>
  <trkpt lat="36.09694" lon="-81.79621">
    <name>TP965</name>
  </trkpt>
  <trkpt lat="36.09694" lon="-81.79616">
    <name>TP966</name>
  </trkpt>
  <trkpt lat="36.09694" lon="-81.7961">
    <name>TP967</name>
  </trkpt>
  <trkpt lat="36.09693" lon="-81.79605">
    <name>TP968</name>
  </trkpt>
  <trkpt lat="36.09692" lon="-81.796">
    <name>TP969</name>
  </trkpt>
  <trkpt lat="36.09691" lon="-81.79596">
    <name>TP970</name>
  </trkpt>
  <trkpt lat="36.09689" lon="-81.7959">
    <name>TP971</name>
  </trkpt>
  <trkpt lat="36.09686" lon="-81.7958">
    <name>TP972</name>
  </trkpt>
  <trkpt lat="36.09684" lon="-81.79575">
    <name>TP973</name>
  </trkpt>
  <trkpt lat="36.09683" lon="-81.79572">
    <name>TP974</name>
  </trkpt>
  <trkpt lat="36.0968" lon="-81.79561">
    <name>TP975</name>
  </trkpt>
  <trkpt lat="36.09679" lon="-81.79556">
    <name>TP976</name>
  </trkpt>
  <trkpt lat="36.09679" lon="-81.79554">
    <name>TP977</name>
  </trkpt>
  <trkpt lat="36.09678" lon="-81.7955">
    <name>TP978</name>
  </trkpt>
  <trkpt lat="36.09678" lon="-81.79544">
    <name>TP979</name>
  </trkpt>
  <trkpt lat="36.09678" lon="-81.79538">
    <name>TP980</name>
  </trkpt>
  <trkpt lat="36.09678" lon="-81.79533">
    <name>TP981</name>
  </trkpt>
  <trkpt lat="36.09679" lon="-81.79527">
    <name>TP982</name>
  </trkpt>
  <trkpt lat="36.0968" lon="-81.79521">
    <name>TP983</name>
  </trkpt>
  <trkpt lat="36.09682" lon="-81.79514">
    <name>TP984</name>
  </trkpt>
  <trkpt lat="36.09682" lon="-81.79513">
    <name>TP985</name>
  </trkpt>
  <trkpt lat="36.09684" lon="-81.79509">
    <name>TP986</name>
  </trkpt>
  <trkpt lat="36.09688" lon="-81.795">
    <name>TP987</name>
  </trkpt>
  <trkpt lat="36.09692" lon="-81.79495">
    <name>TP988</name>
  </trkpt>
  <trkpt lat="36.09694" lon="-81.79491">
    <name>TP989</name>
  </trkpt>
  <trkpt lat="36.09697" lon="-81.79485">
    <name>TP990</name>
  </trkpt>
  <trkpt lat="36.09699" lon="-81.79481">
    <name>TP991</name>
  </trkpt>
  <trkpt lat="36.09701" lon="-81.79476">
    <name>TP992</name>
  </trkpt>
  <trkpt lat="36.09701" lon="-81.79475">
    <name>TP993</name>
  </trkpt>
  <trkpt lat="36.09702" lon="-81.79471">
    <name>TP994</name>
  </trkpt>
  <trkpt lat="36.09703" lon="-81.79466">
    <name>TP995</name>
  </trkpt>
  <trkpt lat="36.09703" lon="-81.79461">
    <name>TP996</name>
  </trkpt>
  <trkpt lat="36.09702" lon="-81.79457">
    <name>TP997</name>
  </trkpt>
  <trkpt lat="36.09701" lon="-81.79453">
    <name>TP998</name>
  </trkpt>
  <trkpt lat="36.09701" lon="-81.79451">
    <name>TP999</name>
  </trkpt>
  <trkpt lat="36.097" lon="-81.79449">
    <name>TP1000</name>
  </trkpt>
  <trkpt lat="36.09698" lon="-81.79445">
    <name>TP1001</name>
  </trkpt>
  <trkpt lat="36.09696" lon="-81.79441">
    <name>TP1002</name>
  </trkpt>
  <trkpt lat="36.09693" lon="-81.79438">
    <name>TP1003</name>
  </trkpt>
  <trkpt lat="36.09689" lon="-81.79434">
    <name>TP1004</name>
  </trkpt>
  <trkpt lat="36.09688" lon="-81.79433">
    <name>TP1005</name>
  </trkpt>
  <trkpt lat="36.09685" lon="-81.79431">
    <name>TP1006</name>
  </trkpt>
  <trkpt lat="36.09676" lon="-81.79424">
    <name>TP1007</name>
  </trkpt>
  <trkpt lat="36.09672" lon="-81.79421">
    <name>TP1008</name>
  </trkpt>
  <trkpt lat="36.09663" lon="-81.79415">
    <name>TP1009</name>
  </trkpt>
  <trkpt lat="36.09657" lon="-81.7941">
    <name>TP1010</name>
  </trkpt>
  <trkpt lat="36.09656" lon="-81.79409">
    <name>TP1011</name>
  </trkpt>
  <trkpt lat="36.0965" lon="-81.79405">
    <name>TP1012</name>
  </trkpt>
  <trkpt lat="36.09646" lon="-81.79401">
    <name>TP1013</name>
  </trkpt>
  <trkpt lat="36.09642" lon="-81.79397">
    <name>TP1014</name>
  </trkpt>
  <trkpt lat="36.09631" lon="-81.79385">
    <name>TP1015</name>
  </trkpt>
  <trkpt lat="36.09624" lon="-81.79377">
    <name>TP1016</name>
  </trkpt>
  <trkpt lat="36.09618" lon="-81.7937">
    <name>TP1017</name>
  </trkpt>
  <trkpt lat="36.09616" lon="-81.79368">
    <name>TP1018</name>
  </trkpt>
  <trkpt lat="36.09611" lon="-81.79361">
    <name>TP1019</name>
  </trkpt>
  <trkpt lat="36.09605" lon="-81.79354">
    <name>TP1020</name>
  </trkpt>
  <trkpt lat="36.09604" lon="-81.79352">
    <name>TP1021</name>
  </trkpt>
  <trkpt lat="36.09602" lon="-81.79347">
    <name>TP1022</name>
  </trkpt>
  <trkpt lat="36.09601" lon="-81.79342">
    <name>TP1023</name>
  </trkpt>
  <trkpt lat="36.096" lon="-81.79338">
    <name>TP1024</name>
  </trkpt>
  <trkpt lat="36.096" lon="-81.79334">
    <name>TP1025</name>
  </trkpt>
  <trkpt lat="36.096" lon="-81.79333">
    <name>TP1026</name>
  </trkpt>
  <trkpt lat="36.096" lon="-81.79329">
    <name>TP1027</name>
  </trkpt>
  <trkpt lat="36.09601" lon="-81.79326">
    <name>TP1028</name>
  </trkpt>
  <trkpt lat="36.09603" lon="-81.79321">
    <name>TP1029</name>
  </trkpt>
  <trkpt lat="36.09606" lon="-81.79316">
    <name>TP1030</name>
  </trkpt>
  <trkpt lat="36.09611" lon="-81.79309">
    <name>TP1031</name>
  </trkpt>
  <trkpt lat="36.09619" lon="-81.79298">
    <name>TP1032</name>
  </trkpt>
  <trkpt lat="36.0962" lon="-81.79296">
    <name>TP1033</name>
  </trkpt>
  <trkpt lat="36.09629" lon="-81.79285">
    <name>TP1034</name>
  </trkpt>
  <trkpt lat="36.09631" lon="-81.79282">
    <name>TP1035</name>
  </trkpt>
  <trkpt lat="36.09637" lon="-81.79273">
    <name>TP1036</name>
  </trkpt>
  <trkpt lat="36.09643" lon="-81.79265">
    <name>TP1037</name>
  </trkpt>
  <trkpt lat="36.09646" lon="-81.7926">
    <name>TP1038</name>
  </trkpt>
  <trkpt lat="36.09654" lon="-81.79247">
    <name>TP1039</name>
  </trkpt>
  <trkpt lat="36.09654" lon="-81.79246">
    <name>TP1040</name>
  </trkpt>
  <trkpt lat="36.0966" lon="-81.79236">
    <name>TP1041</name>
  </trkpt>
  <trkpt lat="36.09663" lon="-81.79227">
    <name>TP1042</name>
  </trkpt>
  <trkpt lat="36.09666" lon="-81.79219">
    <name>TP1043</name>
  </trkpt>
  <trkpt lat="36.09668" lon="-81.7921">
    <name>TP1044</name>
  </trkpt>
  <trkpt lat="36.09669" lon="-81.79206">
    <name>TP1045</name>
  </trkpt>
  <trkpt lat="36.09671" lon="-81.79198">
    <name>TP1046</name>
  </trkpt>
  <trkpt lat="36.09672" lon="-81.79187">
    <name>TP1047</name>
  </trkpt>
  <trkpt lat="36.09673" lon="-81.79184">
    <name>TP1048</name>
  </trkpt>
  <trkpt lat="36.09673" lon="-81.79177">
    <name>TP1049</name>
  </trkpt>
  <trkpt lat="36.09674" lon="-81.79169">
    <name>TP1050</name>
  </trkpt>
  <trkpt lat="36.09674" lon="-81.79162">
    <name>TP1051</name>
  </trkpt>
  <trkpt lat="36.09674" lon="-81.79156">
    <name>TP1052</name>
  </trkpt>
  <trkpt lat="36.09673" lon="-81.79143">
    <name>TP1053</name>
  </trkpt>
  <trkpt lat="36.09673" lon="-81.79139">
    <name>TP1054</name>
  </trkpt>
  <trkpt lat="36.09672" lon="-81.7913">
    <name>TP1055</name>
  </trkpt>
  <trkpt lat="36.0967" lon="-81.79118">
    <name>TP1056</name>
  </trkpt>
  <trkpt lat="36.0967" lon="-81.79117">
    <name>TP1057</name>
  </trkpt>
  <trkpt lat="36.09669" lon="-81.79109">
    <name>TP1058</name>
  </trkpt>
  <trkpt lat="36.09666" lon="-81.79102">
    <name>TP1059</name>
  </trkpt>
  <trkpt lat="36.09664" lon="-81.79095">
    <name>TP1060</name>
  </trkpt>
  <trkpt lat="36.09663" lon="-81.79094">
    <name>TP1061</name>
  </trkpt>
  <trkpt lat="36.0966" lon="-81.79089">
    <name>TP1062</name>
  </trkpt>
  <trkpt lat="36.09657" lon="-81.79085">
    <name>TP1063</name>
  </trkpt>
  <trkpt lat="36.09654" lon="-81.79083">
    <name>TP1064</name>
  </trkpt>
  <trkpt lat="36.0965" lon="-81.79081">
    <name>TP1065</name>
  </trkpt>
  <trkpt lat="36.09648" lon="-81.7908">
    <name>TP1066</name>
  </trkpt>
  <trkpt lat="36.09646" lon="-81.7908">
    <name>TP1067</name>
  </trkpt>
  <trkpt lat="36.09641" lon="-81.79079">
    <name>TP1068</name>
  </trkpt>
  <trkpt lat="36.09636" lon="-81.7908">
    <name>TP1069</name>
  </trkpt>
  <trkpt lat="36.09629" lon="-81.79082">
    <name>TP1070</name>
  </trkpt>
  <trkpt lat="36.09625" lon="-81.79084">
    <name>TP1071</name>
  </trkpt>
  <trkpt lat="36.09619" lon="-81.79088">
    <name>TP1072</name>
  </trkpt>
  <trkpt lat="36.09613" lon="-81.79093">
    <name>TP1073</name>
  </trkpt>
  <trkpt lat="36.09612" lon="-81.79093">
    <name>TP1074</name>
  </trkpt>
  <trkpt lat="36.09601" lon="-81.79103">
    <name>TP1075</name>
  </trkpt>
  <trkpt lat="36.09598" lon="-81.79106">
    <name>TP1076</name>
  </trkpt>
  <trkpt lat="36.09594" lon="-81.79109">
    <name>TP1077</name>
  </trkpt>
  <trkpt lat="36.09585" lon="-81.79115">
    <name>TP1078</name>
  </trkpt>
  <trkpt lat="36.09583" lon="-81.79116">
    <name>TP1079</name>
  </trkpt>
  <trkpt lat="36.09577" lon="-81.79119">
    <name>TP1080</name>
  </trkpt>
  <trkpt lat="36.09571" lon="-81.79121">
    <name>TP1081</name>
  </trkpt>
  <trkpt lat="36.09566" lon="-81.79121">
    <name>TP1082</name>
  </trkpt>
  <trkpt lat="36.09565" lon="-81.79121">
    <name>TP1083</name>
  </trkpt>
  <trkpt lat="36.09557" lon="-81.7912">
    <name>TP1084</name>
  </trkpt>
  <trkpt lat="36.0955" lon="-81.79119">
    <name>TP1085</name>
  </trkpt>
  <trkpt lat="36.09549" lon="-81.79118">
    <name>TP1086</name>
  </trkpt>
  <trkpt lat="36.09543" lon="-81.79116">
    <name>TP1087</name>
  </trkpt>
  <trkpt lat="36.09532" lon="-81.79112">
    <name>TP1088</name>
  </trkpt>
  <trkpt lat="36.09532" lon="-81.79111">
    <name>TP1089</name>
  </trkpt>
  <trkpt lat="36.09515" lon="-81.79104">
    <name>TP1090</name>
  </trkpt>
  <trkpt lat="36.09506" lon="-81.791">
    <name>TP1091</name>
  </trkpt>
  <trkpt lat="36.09498" lon="-81.79097">
    <name>TP1092</name>
  </trkpt>
  <trkpt lat="36.09481" lon="-81.79089">
    <name>TP1093</name>
  </trkpt>
  <trkpt lat="36.09465" lon="-81.79081">
    <name>TP1094</name>
  </trkpt>
  <trkpt lat="36.09461" lon="-81.79079">
    <name>TP1095</name>
  </trkpt>
  <trkpt lat="36.09449" lon="-81.79071">
    <name>TP1096</name>
  </trkpt>
  <trkpt lat="36.09447" lon="-81.7907">
    <name>TP1097</name>
  </trkpt>
  <trkpt lat="36.09437" lon="-81.79061">
    <name>TP1098</name>
  </trkpt>
  <trkpt lat="36.09435" lon="-81.79059">
    <name>TP1099</name>
  </trkpt>
  <trkpt lat="36.09429" lon="-81.79053">
    <name>TP1100</name>
  </trkpt>
  <trkpt lat="36.09422" lon="-81.79044">
    <name>TP1101</name>
  </trkpt>
  <trkpt lat="36.09421" lon="-81.79042">
    <name>TP1102</name>
  </trkpt>
  <trkpt lat="36.09414" lon="-81.79034">
    <name>TP1103</name>
  </trkpt>
  <trkpt lat="36.0941" lon="-81.79027">
    <name>TP1104</name>
  </trkpt>
  <trkpt lat="36.09404" lon="-81.79016">
    <name>TP1105</name>
  </trkpt>
  <trkpt lat="36.09393" lon="-81.78997">
    <name>TP1106</name>
  </trkpt>
  <trkpt lat="36.09389" lon="-81.78991">
    <name>TP1107</name>
  </trkpt>
  <trkpt lat="36.09381" lon="-81.78976">
    <name>TP1108</name>
  </trkpt>
  <trkpt lat="36.09379" lon="-81.78973">
    <name>TP1109</name>
  </trkpt>
  <trkpt lat="36.09371" lon="-81.78955">
    <name>TP1110</name>
  </trkpt>
  <trkpt lat="36.09371" lon="-81.78954">
    <name>TP1111</name>
  </trkpt>
  <trkpt lat="36.09365" lon="-81.7894">
    <name>TP1112</name>
  </trkpt>
  <trkpt lat="36.09363" lon="-81.78934">
    <name>TP1113</name>
  </trkpt>
  <trkpt lat="36.09361" lon="-81.78927">
    <name>TP1114</name>
  </trkpt>
  <trkpt lat="36.09357" lon="-81.78913">
    <name>TP1115</name>
  </trkpt>
  <trkpt lat="36.09356" lon="-81.78912">
    <name>TP1116</name>
  </trkpt>
  <trkpt lat="36.09352" lon="-81.78894">
    <name>TP1117</name>
  </trkpt>
  <trkpt lat="36.09352" lon="-81.78892">
    <name>TP1118</name>
  </trkpt>
  <trkpt lat="36.09349" lon="-81.78877">
    <name>TP1119</name>
  </trkpt>
  <trkpt lat="36.09344" lon="-81.78859">
    <name>TP1120</name>
  </trkpt>
  <trkpt lat="36.0934" lon="-81.78849">
    <name>TP1121</name>
  </trkpt>
  <trkpt lat="36.09339" lon="-81.78845">
    <name>TP1122</name>
  </trkpt>
  <trkpt lat="36.09333" lon="-81.7883">
    <name>TP1123</name>
  </trkpt>
  <trkpt lat="36.09328" lon="-81.78817">
    <name>TP1124</name>
  </trkpt>
  <trkpt lat="36.09324" lon="-81.78809">
    <name>TP1125</name>
  </trkpt>
  <trkpt lat="36.0932" lon="-81.78802">
    <name>TP1126</name>
  </trkpt>
  <trkpt lat="36.0931" lon="-81.78782">
    <name>TP1127</name>
  </trkpt>
  <trkpt lat="36.09305" lon="-81.78771">
    <name>TP1128</name>
  </trkpt>
  <trkpt lat="36.09297" lon="-81.78757">
    <name>TP1129</name>
  </trkpt>
  <trkpt lat="36.09287" lon="-81.78736">
    <name>TP1130</name>
  </trkpt>
  <trkpt lat="36.09284" lon="-81.78731">
    <name>TP1131</name>
  </trkpt>
  <trkpt lat="36.09276" lon="-81.78715">
    <name>TP1132</name>
  </trkpt>
  <trkpt lat="36.09272" lon="-81.78707">
    <name>TP1133</name>
  </trkpt>
  <trkpt lat="36.09262" lon="-81.78688">
    <name>TP1134</name>
  </trkpt>
  <trkpt lat="36.09257" lon="-81.78677">
    <name>TP1135</name>
  </trkpt>
  <trkpt lat="36.09243" lon="-81.7865">
    <name>TP1136</name>
  </trkpt>
  <trkpt lat="36.09237" lon="-81.78638">
    <name>TP1137</name>
  </trkpt>
  <trkpt lat="36.0923" lon="-81.78623">
    <name>TP1138</name>
  </trkpt>
  <trkpt lat="36.09225" lon="-81.78612">
    <name>TP1139</name>
  </trkpt>
  <trkpt lat="36.09224" lon="-81.78611">
    <name>TP1140</name>
  </trkpt>
  <trkpt lat="36.0922" lon="-81.78601">
    <name>TP1141</name>
  </trkpt>
  <trkpt lat="36.09217" lon="-81.78592">
    <name>TP1142</name>
  </trkpt>
  <trkpt lat="36.09216" lon="-81.78589">
    <name>TP1143</name>
  </trkpt>
  <trkpt lat="36.09213" lon="-81.78578">
    <name>TP1144</name>
  </trkpt>
  <trkpt lat="36.09211" lon="-81.78572">
    <name>TP1145</name>
  </trkpt>
  <trkpt lat="36.09209" lon="-81.78564">
    <name>TP1146</name>
  </trkpt>
  <trkpt lat="36.09207" lon="-81.78555">
    <name>TP1147</name>
  </trkpt>
  <trkpt lat="36.09207" lon="-81.78551">
    <name>TP1148</name>
  </trkpt>
  <trkpt lat="36.09205" lon="-81.78543">
    <name>TP1149</name>
  </trkpt>
  <trkpt lat="36.09204" lon="-81.78533">
    <name>TP1150</name>
  </trkpt>
  <trkpt lat="36.09204" lon="-81.78529">
    <name>TP1151</name>
  </trkpt>
  <trkpt lat="36.09203" lon="-81.78523">
    <name>TP1152</name>
  </trkpt>
  <trkpt lat="36.09203" lon="-81.78514">
    <name>TP1153</name>
  </trkpt>
  <trkpt lat="36.09203" lon="-81.78507">
    <name>TP1154</name>
  </trkpt>
  <trkpt lat="36.09203" lon="-81.78504">
    <name>TP1155</name>
  </trkpt>
  <trkpt lat="36.09203" lon="-81.78495">
    <name>TP1156</name>
  </trkpt>
  <trkpt lat="36.09204" lon="-81.78487">
    <name>TP1157</name>
  </trkpt>
  <trkpt lat="36.09205" lon="-81.78478">
    <name>TP1158</name>
  </trkpt>
  <trkpt lat="36.09208" lon="-81.78468">
    <name>TP1159</name>
  </trkpt>
  <trkpt lat="36.09209" lon="-81.78465">
    <name>TP1160</name>
  </trkpt>
  <trkpt lat="36.09211" lon="-81.78458">
    <name>TP1161</name>
  </trkpt>
  <trkpt lat="36.09214" lon="-81.78452">
    <name>TP1162</name>
  </trkpt>
  <trkpt lat="36.09217" lon="-81.78446">
    <name>TP1163</name>
  </trkpt>
  <trkpt lat="36.09219" lon="-81.78442">
    <name>TP1164</name>
  </trkpt>
  <trkpt lat="36.09228" lon="-81.78431">
    <name>TP1165</name>
  </trkpt>
  <trkpt lat="36.09229" lon="-81.7843">
    <name>TP1166</name>
  </trkpt>
  <trkpt lat="36.09235" lon="-81.78422">
    <name>TP1167</name>
  </trkpt>
  <trkpt lat="36.09242" lon="-81.78416">
    <name>TP1168</name>
  </trkpt>
  <trkpt lat="36.09244" lon="-81.78414">
    <name>TP1169</name>
  </trkpt>
  <trkpt lat="36.09253" lon="-81.78407">
    <name>TP1170</name>
  </trkpt>
  <trkpt lat="36.09257" lon="-81.78404">
    <name>TP1171</name>
  </trkpt>
  <trkpt lat="36.09268" lon="-81.78397">
    <name>TP1172</name>
  </trkpt>
  <trkpt lat="36.09273" lon="-81.78395">
    <name>TP1173</name>
  </trkpt>
  <trkpt lat="36.09279" lon="-81.78392">
    <name>TP1174</name>
  </trkpt>
  <trkpt lat="36.09285" lon="-81.7839">
    <name>TP1175</name>
  </trkpt>
  <trkpt lat="36.09293" lon="-81.78388">
    <name>TP1176</name>
  </trkpt>
  <trkpt lat="36.09307" lon="-81.78387">
    <name>TP1177</name>
  </trkpt>
  <trkpt lat="36.09308" lon="-81.78387">
    <name>TP1178</name>
  </trkpt>
  <trkpt lat="36.09319" lon="-81.78386">
    <name>TP1179</name>
  </trkpt>
  <trkpt lat="36.09326" lon="-81.78385">
    <name>TP1180</name>
  </trkpt>
  <trkpt lat="36.09333" lon="-81.78384">
    <name>TP1181</name>
  </trkpt>
  <trkpt lat="36.09343" lon="-81.78384">
    <name>TP1182</name>
  </trkpt>
  <trkpt lat="36.09351" lon="-81.78383">
    <name>TP1183</name>
  </trkpt>
  <trkpt lat="36.09361" lon="-81.78382">
    <name>TP1184</name>
  </trkpt>
  <trkpt lat="36.09364" lon="-81.78381">
    <name>TP1185</name>
  </trkpt>
  <trkpt lat="36.09372" lon="-81.7838">
    <name>TP1186</name>
  </trkpt>
  <trkpt lat="36.09381" lon="-81.78378">
    <name>TP1187</name>
  </trkpt>
  <trkpt lat="36.0939" lon="-81.78374">
    <name>TP1188</name>
  </trkpt>
  <trkpt lat="36.09397" lon="-81.7837">
    <name>TP1189</name>
  </trkpt>
  <trkpt lat="36.09402" lon="-81.78367">
    <name>TP1190</name>
  </trkpt>
  <trkpt lat="36.09416" lon="-81.78357">
    <name>TP1191</name>
  </trkpt>
  <trkpt lat="36.09417" lon="-81.78356">
    <name>TP1192</name>
  </trkpt>
  <trkpt lat="36.09431" lon="-81.78345">
    <name>TP1193</name>
  </trkpt>
  <trkpt lat="36.09447" lon="-81.78331">
    <name>TP1194</name>
  </trkpt>
  <trkpt lat="36.09459" lon="-81.78321">
    <name>TP1195</name>
  </trkpt>
  <trkpt lat="36.09461" lon="-81.78319">
    <name>TP1196</name>
  </trkpt>
  <trkpt lat="36.09467" lon="-81.78314">
    <name>TP1197</name>
  </trkpt>
  <trkpt lat="36.09471" lon="-81.7831">
    <name>TP1198</name>
  </trkpt>
  <trkpt lat="36.09477" lon="-81.78303">
    <name>TP1199</name>
  </trkpt>
  <trkpt lat="36.09482" lon="-81.78298">
    <name>TP1200</name>
  </trkpt>
  <trkpt lat="36.09488" lon="-81.78285">
    <name>TP1201</name>
  </trkpt>
  <trkpt lat="36.09491" lon="-81.78276">
    <name>TP1202</name>
  </trkpt>
  <trkpt lat="36.09493" lon="-81.78266">
    <name>TP1203</name>
  </trkpt>
  <trkpt lat="36.09494" lon="-81.78254">
    <name>TP1204</name>
  </trkpt>
  <trkpt lat="36.09494" lon="-81.78246">
    <name>TP1205</name>
  </trkpt>
  <trkpt lat="36.09493" lon="-81.78244">
    <name>TP1206</name>
  </trkpt>
  <trkpt lat="36.09493" lon="-81.78232">
    <name>TP1207</name>
  </trkpt>
  <trkpt lat="36.09493" lon="-81.78224">
    <name>TP1208</name>
  </trkpt>
  <trkpt lat="36.09493" lon="-81.78223">
    <name>TP1209</name>
  </trkpt>
  <trkpt lat="36.09493" lon="-81.78216">
    <name>TP1210</name>
  </trkpt>
  <trkpt lat="36.09493" lon="-81.78208">
    <name>TP1211</name>
  </trkpt>
  <trkpt lat="36.09494" lon="-81.78203">
    <name>TP1212</name>
  </trkpt>
  <trkpt lat="36.09494" lon="-81.78199">
    <name>TP1213</name>
  </trkpt>
  <trkpt lat="36.09497" lon="-81.78191">
    <name>TP1214</name>
  </trkpt>
  <trkpt lat="36.09499" lon="-81.78184">
    <name>TP1215</name>
  </trkpt>
  <trkpt lat="36.095" lon="-81.7818">
    <name>TP1216</name>
  </trkpt>
  <trkpt lat="36.09502" lon="-81.78176">
    <name>TP1217</name>
  </trkpt>
  <trkpt lat="36.09505" lon="-81.78166">
    <name>TP1218</name>
  </trkpt>
  <trkpt lat="36.09509" lon="-81.78158">
    <name>TP1219</name>
  </trkpt>
  <trkpt lat="36.09513" lon="-81.78147">
    <name>TP1220</name>
  </trkpt>
  <trkpt lat="36.09515" lon="-81.7814">
    <name>TP1221</name>
  </trkpt>
  <trkpt lat="36.09516" lon="-81.78138">
    <name>TP1222</name>
  </trkpt>
  <trkpt lat="36.09517" lon="-81.78131">
    <name>TP1223</name>
  </trkpt>
  <trkpt lat="36.09519" lon="-81.78121">
    <name>TP1224</name>
  </trkpt>
  <trkpt lat="36.0952" lon="-81.78114">
    <name>TP1225</name>
  </trkpt>
  <trkpt lat="36.0952" lon="-81.78107">
    <name>TP1226</name>
  </trkpt>
  <trkpt lat="36.0952" lon="-81.78098">
    <name>TP1227</name>
  </trkpt>
  <trkpt lat="36.0952" lon="-81.78095">
    <name>TP1228</name>
  </trkpt>
  <trkpt lat="36.0952" lon="-81.78093">
    <name>TP1229</name>
  </trkpt>
  <trkpt lat="36.0952" lon="-81.78087">
    <name>TP1230</name>
  </trkpt>
  <trkpt lat="36.0952" lon="-81.78082">
    <name>TP1231</name>
  </trkpt>
  <trkpt lat="36.09521" lon="-81.78077">
    <name>TP1232</name>
  </trkpt>
  <trkpt lat="36.09522" lon="-81.78074">
    <name>TP1233</name>
  </trkpt>
  <trkpt lat="36.09523" lon="-81.78073">
    <name>TP1234</name>
  </trkpt>
  <trkpt lat="36.09526" lon="-81.78067">
    <name>TP1235</name>
  </trkpt>
  <trkpt lat="36.0953" lon="-81.78063">
    <name>TP1236</name>
  </trkpt>
  <trkpt lat="36.09534" lon="-81.7806">
    <name>TP1237</name>
  </trkpt>
  <trkpt lat="36.09539" lon="-81.78057">
    <name>TP1238</name>
  </trkpt>
  <trkpt lat="36.09544" lon="-81.78057">
    <name>TP1239</name>
  </trkpt>
  <trkpt lat="36.09549" lon="-81.78056">
    <name>TP1240</name>
  </trkpt>
  <trkpt lat="36.0955" lon="-81.78057">
    <name>TP1241</name>
  </trkpt>
  <trkpt lat="36.09554" lon="-81.78057">
    <name>TP1242</name>
  </trkpt>
  <trkpt lat="36.09563" lon="-81.78058">
    <name>TP1243</name>
  </trkpt>
  <trkpt lat="36.09568" lon="-81.78058">
    <name>TP1244</name>
  </trkpt>
  <trkpt lat="36.09572" lon="-81.78058">
    <name>TP1245</name>
  </trkpt>
  <trkpt lat="36.09578" lon="-81.78057">
    <name>TP1246</name>
  </trkpt>
  <trkpt lat="36.09586" lon="-81.78055">
    <name>TP1247</name>
  </trkpt>
  <trkpt lat="36.09592" lon="-81.78053">
    <name>TP1248</name>
  </trkpt>
  <trkpt lat="36.09596" lon="-81.7805">
    <name>TP1249</name>
  </trkpt>
  <trkpt lat="36.09601" lon="-81.78048">
    <name>TP1250</name>
  </trkpt>
  <trkpt lat="36.09605" lon="-81.78044">
    <name>TP1251</name>
  </trkpt>
  <trkpt lat="36.0961" lon="-81.78039">
    <name>TP1252</name>
  </trkpt>
  <trkpt lat="36.09615" lon="-81.78034">
    <name>TP1253</name>
  </trkpt>
  <trkpt lat="36.09621" lon="-81.78028">
    <name>TP1254</name>
  </trkpt>
  <trkpt lat="36.09626" lon="-81.7802">
    <name>TP1255</name>
  </trkpt>
  <trkpt lat="36.09633" lon="-81.78007">
    <name>TP1256</name>
  </trkpt>
  <trkpt lat="36.09634" lon="-81.78005">
    <name>TP1257</name>
  </trkpt>
  <trkpt lat="36.09639" lon="-81.77996">
    <name>TP1258</name>
  </trkpt>
  <trkpt lat="36.09643" lon="-81.77985">
    <name>TP1259</name>
  </trkpt>
  <trkpt lat="36.09643" lon="-81.77984">
    <name>TP1260</name>
  </trkpt>
  <trkpt lat="36.09646" lon="-81.77974">
    <name>TP1261</name>
  </trkpt>
  <trkpt lat="36.09648" lon="-81.77968">
    <name>TP1262</name>
  </trkpt>
  <trkpt lat="36.09649" lon="-81.77964">
    <name>TP1263</name>
  </trkpt>
  <trkpt lat="36.09649" lon="-81.77962">
    <name>TP1264</name>
  </trkpt>
  <trkpt lat="36.09651" lon="-81.7795">
    <name>TP1265</name>
  </trkpt>
  <trkpt lat="36.09652" lon="-81.77941">
    <name>TP1266</name>
  </trkpt>
  <trkpt lat="36.09654" lon="-81.77933">
    <name>TP1267</name>
  </trkpt>
  <trkpt lat="36.09655" lon="-81.77924">
    <name>TP1268</name>
  </trkpt>
  <trkpt lat="36.09655" lon="-81.77919">
    <name>TP1269</name>
  </trkpt>
  <trkpt lat="36.09657" lon="-81.77901">
    <name>TP1270</name>
  </trkpt>
  <trkpt lat="36.0966" lon="-81.7787">
    <name>TP1271</name>
  </trkpt>
  <trkpt lat="36.09662" lon="-81.77853">
    <name>TP1272</name>
  </trkpt>
  <trkpt lat="36.09665" lon="-81.77831">
    <name>TP1273</name>
  </trkpt>
  <trkpt lat="36.09666" lon="-81.77817">
    <name>TP1274</name>
  </trkpt>
  <trkpt lat="36.09669" lon="-81.77787">
    <name>TP1275</name>
  </trkpt>
  <trkpt lat="36.0967" lon="-81.77777">
    <name>TP1276</name>
  </trkpt>
  <trkpt lat="36.09672" lon="-81.7776">
    <name>TP1277</name>
  </trkpt>
  <trkpt lat="36.09673" lon="-81.77742">
    <name>TP1278</name>
  </trkpt>
  <trkpt lat="36.09673" lon="-81.77738">
    <name>TP1279</name>
  </trkpt>
  <trkpt lat="36.09674" lon="-81.77711">
    <name>TP1280</name>
  </trkpt>
  <trkpt lat="36.09674" lon="-81.77698">
    <name>TP1281</name>
  </trkpt>
  <trkpt lat="36.09675" lon="-81.77682">
    <name>TP1282</name>
  </trkpt>
  <trkpt lat="36.09676" lon="-81.77653">
    <name>TP1283</name>
  </trkpt>
  <trkpt lat="36.09676" lon="-81.7765">
    <name>TP1284</name>
  </trkpt>
  <trkpt lat="36.09677" lon="-81.77631">
    <name>TP1285</name>
  </trkpt>
  <trkpt lat="36.09678" lon="-81.77619">
    <name>TP1286</name>
  </trkpt>
  <trkpt lat="36.09679" lon="-81.77608">
    <name>TP1287</name>
  </trkpt>
  <trkpt lat="36.0968" lon="-81.77597">
    <name>TP1288</name>
  </trkpt>
  <trkpt lat="36.09682" lon="-81.77584">
    <name>TP1289</name>
  </trkpt>
  <trkpt lat="36.09685" lon="-81.77571">
    <name>TP1290</name>
  </trkpt>
  <trkpt lat="36.09686" lon="-81.77566">
    <name>TP1291</name>
  </trkpt>
  <trkpt lat="36.09689" lon="-81.77554">
    <name>TP1292</name>
  </trkpt>
  <trkpt lat="36.0969" lon="-81.77549">
    <name>TP1293</name>
  </trkpt>
  <trkpt lat="36.0969" lon="-81.77545">
    <name>TP1294</name>
  </trkpt>
  <trkpt lat="36.0969" lon="-81.77544">
    <name>TP1295</name>
  </trkpt>
  <trkpt lat="36.09691" lon="-81.77541">
    <name>TP1296</name>
  </trkpt>
  <trkpt lat="36.09691" lon="-81.77535">
    <name>TP1297</name>
  </trkpt>
  <trkpt lat="36.09692" lon="-81.77531">
    <name>TP1298</name>
  </trkpt>
  <trkpt lat="36.09692" lon="-81.77526">
    <name>TP1299</name>
  </trkpt>
  <trkpt lat="36.09692" lon="-81.7752">
    <name>TP1300</name>
  </trkpt>
  <trkpt lat="36.09692" lon="-81.77514">
    <name>TP1301</name>
  </trkpt>
  <trkpt lat="36.09691" lon="-81.77507">
    <name>TP1302</name>
  </trkpt>
  <trkpt lat="36.0969" lon="-81.77501">
    <name>TP1303</name>
  </trkpt>
  <trkpt lat="36.09688" lon="-81.77494">
    <name>TP1304</name>
  </trkpt>
  <trkpt lat="36.09687" lon="-81.77488">
    <name>TP1305</name>
  </trkpt>
  <trkpt lat="36.09685" lon="-81.77482">
    <name>TP1306</name>
  </trkpt>
  <trkpt lat="36.09684" lon="-81.77478">
    <name>TP1307</name>
  </trkpt>
  <trkpt lat="36.09682" lon="-81.77471">
    <name>TP1308</name>
  </trkpt>
  <trkpt lat="36.09682" lon="-81.77467">
    <name>TP1309</name>
  </trkpt>
  <trkpt lat="36.09682" lon="-81.77463">
    <name>TP1310</name>
  </trkpt>
  <trkpt lat="36.09682" lon="-81.77457">
    <name>TP1311</name>
  </trkpt>
  <trkpt lat="36.09682" lon="-81.77453">
    <name>TP1312</name>
  </trkpt>
  <trkpt lat="36.09683" lon="-81.77448">
    <name>TP1313</name>
  </trkpt>
  <trkpt lat="36.09685" lon="-81.77442">
    <name>TP1314</name>
  </trkpt>
  <trkpt lat="36.09686" lon="-81.77437">
    <name>TP1315</name>
  </trkpt>
  <trkpt lat="36.09689" lon="-81.77431">
    <name>TP1316</name>
  </trkpt>
  <trkpt lat="36.09691" lon="-81.77426">
    <name>TP1317</name>
  </trkpt>
  <trkpt lat="36.09694" lon="-81.77418">
    <name>TP1318</name>
  </trkpt>
  <trkpt lat="36.09702" lon="-81.77396">
    <name>TP1319</name>
  </trkpt>
  <trkpt lat="36.09708" lon="-81.77377">
    <name>TP1320</name>
  </trkpt>
  <trkpt lat="36.09712" lon="-81.77364">
    <name>TP1321</name>
  </trkpt>
  <trkpt lat="36.09713" lon="-81.77361">
    <name>TP1322</name>
  </trkpt>
  <trkpt lat="36.09716" lon="-81.77349">
    <name>TP1323</name>
  </trkpt>
  <trkpt lat="36.09718" lon="-81.77343">
    <name>TP1324</name>
  </trkpt>
  <trkpt lat="36.09719" lon="-81.77339">
    <name>TP1325</name>
  </trkpt>
  <trkpt lat="36.09719" lon="-81.77337">
    <name>TP1326</name>
  </trkpt>
  <trkpt lat="36.09721" lon="-81.77325">
    <name>TP1327</name>
  </trkpt>
  <trkpt lat="36.09722" lon="-81.77321">
    <name>TP1328</name>
  </trkpt>
  <trkpt lat="36.09722" lon="-81.77315">
    <name>TP1329</name>
  </trkpt>
  <trkpt lat="36.09723" lon="-81.77305">
    <name>TP1330</name>
  </trkpt>
  <trkpt lat="36.09723" lon="-81.77291">
    <name>TP1331</name>
  </trkpt>
  <trkpt lat="36.09723" lon="-81.77279">
    <name>TP1332</name>
  </trkpt>
  <trkpt lat="36.09722" lon="-81.77273">
    <name>TP1333</name>
  </trkpt>
  <trkpt lat="36.09722" lon="-81.77266">
    <name>TP1334</name>
  </trkpt>
  <trkpt lat="36.09723" lon="-81.7726">
    <name>TP1335</name>
  </trkpt>
  <trkpt lat="36.09723" lon="-81.77255">
    <name>TP1336</name>
  </trkpt>
  <trkpt lat="36.09724" lon="-81.7725">
    <name>TP1337</name>
  </trkpt>
  <trkpt lat="36.09725" lon="-81.77246">
    <name>TP1338</name>
  </trkpt>
  <trkpt lat="36.09726" lon="-81.7724">
    <name>TP1339</name>
  </trkpt>
  <trkpt lat="36.09728" lon="-81.77235">
    <name>TP1340</name>
  </trkpt>
  <trkpt lat="36.09731" lon="-81.7723">
    <name>TP1341</name>
  </trkpt>
  <trkpt lat="36.09735" lon="-81.77224">
    <name>TP1342</name>
  </trkpt>
  <trkpt lat="36.09738" lon="-81.7722">
    <name>TP1343</name>
  </trkpt>
  <trkpt lat="36.0974" lon="-81.77219">
    <name>TP1344</name>
  </trkpt>
  <trkpt lat="36.09743" lon="-81.77215">
    <name>TP1345</name>
  </trkpt>
  <trkpt lat="36.09748" lon="-81.7721">
    <name>TP1346</name>
  </trkpt>
  <trkpt lat="36.09753" lon="-81.77204">
    <name>TP1347</name>
  </trkpt>
  <trkpt lat="36.09758" lon="-81.772">
    <name>TP1348</name>
  </trkpt>
  <trkpt lat="36.09767" lon="-81.77191">
    <name>TP1349</name>
  </trkpt>
  <trkpt lat="36.09773" lon="-81.77185">
    <name>TP1350</name>
  </trkpt>
  <trkpt lat="36.09781" lon="-81.77177">
    <name>TP1351</name>
  </trkpt>
  <trkpt lat="36.0979" lon="-81.77168">
    <name>TP1352</name>
  </trkpt>
  <trkpt lat="36.09795" lon="-81.77163">
    <name>TP1353</name>
  </trkpt>
  <trkpt lat="36.09807" lon="-81.7715">
    <name>TP1354</name>
  </trkpt>
  <trkpt lat="36.09809" lon="-81.77149">
    <name>TP1355</name>
  </trkpt>
  <trkpt lat="36.09816" lon="-81.77142">
    <name>TP1356</name>
  </trkpt>
  <trkpt lat="36.09824" lon="-81.77136">
    <name>TP1357</name>
  </trkpt>
  <trkpt lat="36.0983" lon="-81.77132">
    <name>TP1358</name>
  </trkpt>
  <trkpt lat="36.09836" lon="-81.77129">
    <name>TP1359</name>
  </trkpt>
  <trkpt lat="36.09839" lon="-81.77128">
    <name>TP1360</name>
  </trkpt>
  <trkpt lat="36.09842" lon="-81.77127">
    <name>TP1361</name>
  </trkpt>
  <trkpt lat="36.09848" lon="-81.77127">
    <name>TP1362</name>
  </trkpt>
  <trkpt lat="36.09855" lon="-81.77127">
    <name>TP1363</name>
  </trkpt>
  <trkpt lat="36.09856" lon="-81.77127">
    <name>TP1364</name>
  </trkpt>
  <trkpt lat="36.0986" lon="-81.77127">
    <name>TP1365</name>
  </trkpt>
  <trkpt lat="36.09868" lon="-81.77129">
    <name>TP1366</name>
  </trkpt>
  <trkpt lat="36.09874" lon="-81.7713">
    <name>TP1367</name>
  </trkpt>
  <trkpt lat="36.09883" lon="-81.77133">
    <name>TP1368</name>
  </trkpt>
  <trkpt lat="36.09902" lon="-81.77139">
    <name>TP1369</name>
  </trkpt>
  <trkpt lat="36.09908" lon="-81.77141">
    <name>TP1370</name>
  </trkpt>
  <trkpt lat="36.09918" lon="-81.77144">
    <name>TP1371</name>
  </trkpt>
  <trkpt lat="36.09926" lon="-81.77147">
    <name>TP1372</name>
  </trkpt>
  <trkpt lat="36.09935" lon="-81.7715">
    <name>TP1373</name>
  </trkpt>
  <trkpt lat="36.09943" lon="-81.77154">
    <name>TP1374</name>
  </trkpt>
  <trkpt lat="36.09953" lon="-81.77158">
    <name>TP1375</name>
  </trkpt>
  <trkpt lat="36.0996" lon="-81.77161">
    <name>TP1376</name>
  </trkpt>
  <trkpt lat="36.09967" lon="-81.77164">
    <name>TP1377</name>
  </trkpt>
  <trkpt lat="36.09976" lon="-81.77169">
    <name>TP1378</name>
  </trkpt>
  <trkpt lat="36.09985" lon="-81.77174">
    <name>TP1379</name>
  </trkpt>
  <trkpt lat="36.09992" lon="-81.77178">
    <name>TP1380</name>
  </trkpt>
  <trkpt lat="36.10001" lon="-81.77183">
    <name>TP1381</name>
  </trkpt>
  <trkpt lat="36.10009" lon="-81.77188">
    <name>TP1382</name>
  </trkpt>
  <trkpt lat="36.10012" lon="-81.7719">
    <name>TP1383</name>
  </trkpt>
  <trkpt lat="36.10024" lon="-81.77198">
    <name>TP1384</name>
  </trkpt>
  <trkpt lat="36.10029" lon="-81.77201">
    <name>TP1385</name>
  </trkpt>
  <trkpt lat="36.1004" lon="-81.77209">
    <name>TP1386</name>
  </trkpt>
  <trkpt lat="36.10045" lon="-81.77212">
    <name>TP1387</name>
  </trkpt>
  <trkpt lat="36.10056" lon="-81.77219">
    <name>TP1388</name>
  </trkpt>
  <trkpt lat="36.10065" lon="-81.77225">
    <name>TP1389</name>
  </trkpt>
  <trkpt lat="36.10072" lon="-81.77229">
    <name>TP1390</name>
  </trkpt>
  <trkpt lat="36.10082" lon="-81.77235">
    <name>TP1391</name>
  </trkpt>
  <trkpt lat="36.10088" lon="-81.77239">
    <name>TP1392</name>
  </trkpt>
  <trkpt lat="36.10097" lon="-81.77245">
    <name>TP1393</name>
  </trkpt>
  <trkpt lat="36.10104" lon="-81.7725">
    <name>TP1394</name>
  </trkpt>
  <trkpt lat="36.10114" lon="-81.77256">
    <name>TP1395</name>
  </trkpt>
  <trkpt lat="36.1012" lon="-81.7726">
    <name>TP1396</name>
  </trkpt>
  <trkpt lat="36.10122" lon="-81.77262">
    <name>TP1397</name>
  </trkpt>
  <trkpt lat="36.10132" lon="-81.7727">
    <name>TP1398</name>
  </trkpt>
  <trkpt lat="36.10135" lon="-81.77272">
    <name>TP1399</name>
  </trkpt>
  <trkpt lat="36.10138" lon="-81.77276">
    <name>TP1400</name>
  </trkpt>
  <trkpt lat="36.10143" lon="-81.77282">
    <name>TP1401</name>
  </trkpt>
  <trkpt lat="36.10147" lon="-81.77287">
    <name>TP1402</name>
  </trkpt>
  <trkpt lat="36.10148" lon="-81.77288">
    <name>TP1403</name>
  </trkpt>
  <trkpt lat="36.10152" lon="-81.77295">
    <name>TP1404</name>
  </trkpt>
  <trkpt lat="36.10156" lon="-81.77301">
    <name>TP1405</name>
  </trkpt>
  <trkpt lat="36.10157" lon="-81.77305">
    <name>TP1406</name>
  </trkpt>
  <trkpt lat="36.10159" lon="-81.7731">
    <name>TP1407</name>
  </trkpt>
  <trkpt lat="36.10162" lon="-81.77318">
    <name>TP1408</name>
  </trkpt>
  <trkpt lat="36.10164" lon="-81.77325">
    <name>TP1409</name>
  </trkpt>
  <trkpt lat="36.10165" lon="-81.77328">
    <name>TP1410</name>
  </trkpt>
  <trkpt lat="36.10168" lon="-81.77344">
    <name>TP1411</name>
  </trkpt>
  <trkpt lat="36.10169" lon="-81.77346">
    <name>TP1412</name>
  </trkpt>
  <trkpt lat="36.10171" lon="-81.77355">
    <name>TP1413</name>
  </trkpt>
  <trkpt lat="36.10173" lon="-81.77363">
    <name>TP1414</name>
  </trkpt>
  <trkpt lat="36.10175" lon="-81.77369">
    <name>TP1415</name>
  </trkpt>
  <trkpt lat="36.10179" lon="-81.77377">
    <name>TP1416</name>
  </trkpt>
  <trkpt lat="36.10182" lon="-81.77382">
    <name>TP1417</name>
  </trkpt>
  <trkpt lat="36.10185" lon="-81.77386">
    <name>TP1418</name>
  </trkpt>
  <trkpt lat="36.10189" lon="-81.77389">
    <name>TP1419</name>
  </trkpt>
  <trkpt lat="36.10191" lon="-81.77391">
    <name>TP1420</name>
  </trkpt>
  <trkpt lat="36.10194" lon="-81.77393">
    <name>TP1421</name>
  </trkpt>
  <trkpt lat="36.10197" lon="-81.77395">
    <name>TP1422</name>
  </trkpt>
  <trkpt lat="36.10203" lon="-81.77396">
    <name>TP1423</name>
  </trkpt>
  <trkpt lat="36.10208" lon="-81.77396">
    <name>TP1424</name>
  </trkpt>
  <trkpt lat="36.10214" lon="-81.77395">
    <name>TP1425</name>
  </trkpt>
  <trkpt lat="36.10219" lon="-81.77393">
    <name>TP1426</name>
  </trkpt>
  <trkpt lat="36.10221" lon="-81.77392">
    <name>TP1427</name>
  </trkpt>
  <trkpt lat="36.10224" lon="-81.77391">
    <name>TP1428</name>
  </trkpt>
  <trkpt lat="36.10229" lon="-81.77387">
    <name>TP1429</name>
  </trkpt>
  <trkpt lat="36.10235" lon="-81.77382">
    <name>TP1430</name>
  </trkpt>
  <trkpt lat="36.10237" lon="-81.7738">
    <name>TP1431</name>
  </trkpt>
  <trkpt lat="36.10242" lon="-81.77374">
    <name>TP1432</name>
  </trkpt>
  <trkpt lat="36.1025" lon="-81.77365">
    <name>TP1433</name>
  </trkpt>
  <trkpt lat="36.10258" lon="-81.77357">
    <name>TP1434</name>
  </trkpt>
  <trkpt lat="36.10265" lon="-81.77348">
    <name>TP1435</name>
  </trkpt>
  <trkpt lat="36.10276" lon="-81.77337">
    <name>TP1436</name>
  </trkpt>
  <trkpt lat="36.10277" lon="-81.77335">
    <name>TP1437</name>
  </trkpt>
  <trkpt lat="36.10288" lon="-81.77323">
    <name>TP1438</name>
  </trkpt>
  <trkpt lat="36.103" lon="-81.77311">
    <name>TP1439</name>
  </trkpt>
  <trkpt lat="36.10304" lon="-81.77307">
    <name>TP1440</name>
  </trkpt>
  <trkpt lat="36.10305" lon="-81.77307">
    <name>TP1441</name>
  </trkpt>
  <trkpt lat="36.10309" lon="-81.77303">
    <name>TP1442</name>
  </trkpt>
  <trkpt lat="36.10314" lon="-81.77301">
    <name>TP1443</name>
  </trkpt>
  <trkpt lat="36.10317" lon="-81.773">
    <name>TP1444</name>
  </trkpt>
  <trkpt lat="36.10319" lon="-81.773">
    <name>TP1445</name>
  </trkpt>
  <trkpt lat="36.1032" lon="-81.773">
    <name>TP1446</name>
  </trkpt>
  <trkpt lat="36.10323" lon="-81.773">
    <name>TP1447</name>
  </trkpt>
  <trkpt lat="36.10327" lon="-81.77301">
    <name>TP1448</name>
  </trkpt>
  <trkpt lat="36.10329" lon="-81.77302">
    <name>TP1449</name>
  </trkpt>
  <trkpt lat="36.10334" lon="-81.77305">
    <name>TP1450</name>
  </trkpt>
  <trkpt lat="36.10337" lon="-81.77309">
    <name>TP1451</name>
  </trkpt>
  <trkpt lat="36.1034" lon="-81.77314">
    <name>TP1452</name>
  </trkpt>
  <trkpt lat="36.10342" lon="-81.7732">
    <name>TP1453</name>
  </trkpt>
  <trkpt lat="36.10343" lon="-81.77323">
    <name>TP1454</name>
  </trkpt>
  <trkpt lat="36.10344" lon="-81.77327">
    <name>TP1455</name>
  </trkpt>
  <trkpt lat="36.10345" lon="-81.77335">
    <name>TP1456</name>
  </trkpt>
  <trkpt lat="36.10346" lon="-81.77344">
    <name>TP1457</name>
  </trkpt>
  <trkpt lat="36.10345" lon="-81.7736">
    <name>TP1458</name>
  </trkpt>
  <trkpt lat="36.10345" lon="-81.77365">
    <name>TP1459</name>
  </trkpt>
  <trkpt lat="36.10344" lon="-81.77371">
    <name>TP1460</name>
  </trkpt>
  <trkpt lat="36.10344" lon="-81.77379">
    <name>TP1461</name>
  </trkpt>
  <trkpt lat="36.10345" lon="-81.77386">
    <name>TP1462</name>
  </trkpt>
  <trkpt lat="36.10346" lon="-81.77392">
    <name>TP1463</name>
  </trkpt>
  <trkpt lat="36.10347" lon="-81.77398">
    <name>TP1464</name>
  </trkpt>
  <trkpt lat="36.10349" lon="-81.77404">
    <name>TP1465</name>
  </trkpt>
  <trkpt lat="36.10353" lon="-81.77416">
    <name>TP1466</name>
  </trkpt>
  <trkpt lat="36.1036" lon="-81.7743">
    <name>TP1467</name>
  </trkpt>
  <trkpt lat="36.10361" lon="-81.77434">
    <name>TP1468</name>
  </trkpt>
  <trkpt lat="36.10368" lon="-81.7745">
    <name>TP1469</name>
  </trkpt>
  <trkpt lat="36.10377" lon="-81.77469">
    <name>TP1470</name>
  </trkpt>
  <trkpt lat="36.10384" lon="-81.77487">
    <name>TP1471</name>
  </trkpt>
  <trkpt lat="36.10385" lon="-81.77489">
    <name>TP1472</name>
  </trkpt>
  <trkpt lat="36.10389" lon="-81.77496">
    <name>TP1473</name>
  </trkpt>
  <trkpt lat="36.10393" lon="-81.77504">
    <name>TP1474</name>
  </trkpt>
  <trkpt lat="36.10397" lon="-81.77507">
    <name>TP1475</name>
  </trkpt>
  <trkpt lat="36.10399" lon="-81.7751">
    <name>TP1476</name>
  </trkpt>
  <trkpt lat="36.10403" lon="-81.77513">
    <name>TP1477</name>
  </trkpt>
  <trkpt lat="36.10407" lon="-81.77515">
    <name>TP1478</name>
  </trkpt>
  <trkpt lat="36.1041" lon="-81.77516">
    <name>TP1479</name>
  </trkpt>
  <trkpt lat="36.10415" lon="-81.77517">
    <name>TP1480</name>
  </trkpt>
  <trkpt lat="36.10419" lon="-81.77517">
    <name>TP1481</name>
  </trkpt>
  <trkpt lat="36.10424" lon="-81.77516">
    <name>TP1482</name>
  </trkpt>
  <trkpt lat="36.10428" lon="-81.77514">
    <name>TP1483</name>
  </trkpt>
  <trkpt lat="36.10433" lon="-81.77512">
    <name>TP1484</name>
  </trkpt>
  <trkpt lat="36.1044" lon="-81.77508">
    <name>TP1485</name>
  </trkpt>
  <trkpt lat="36.10446" lon="-81.77504">
    <name>TP1486</name>
  </trkpt>
  <trkpt lat="36.10451" lon="-81.77501">
    <name>TP1487</name>
  </trkpt>
  <trkpt lat="36.10456" lon="-81.77499">
    <name>TP1488</name>
  </trkpt>
  <trkpt lat="36.10459" lon="-81.77497">
    <name>TP1489</name>
  </trkpt>
  <trkpt lat="36.10462" lon="-81.77496">
    <name>TP1490</name>
  </trkpt>
  <trkpt lat="36.10467" lon="-81.77496">
    <name>TP1491</name>
  </trkpt>
  <trkpt lat="36.1047" lon="-81.77496">
    <name>TP1492</name>
  </trkpt>
  <trkpt lat="36.10473" lon="-81.77496">
    <name>TP1493</name>
  </trkpt>
  <trkpt lat="36.10475" lon="-81.77496">
    <name>TP1494</name>
  </trkpt>
  <trkpt lat="36.10481" lon="-81.77497">
    <name>TP1495</name>
  </trkpt>
  <trkpt lat="36.10485" lon="-81.77499">
    <name>TP1496</name>
  </trkpt>
  <trkpt lat="36.1049" lon="-81.775">
    <name>TP1497</name>
  </trkpt>
  <trkpt lat="36.10493" lon="-81.77502">
    <name>TP1498</name>
  </trkpt>
  <trkpt lat="36.10496" lon="-81.77503">
    <name>TP1499</name>
  </trkpt>
  <trkpt lat="36.10501" lon="-81.77508">
    <name>TP1500</name>
  </trkpt>
  <trkpt lat="36.10505" lon="-81.77512">
    <name>TP1501</name>
  </trkpt>
  <trkpt lat="36.10506" lon="-81.77516">
    <name>TP1502</name>
  </trkpt>
  <trkpt lat="36.10508" lon="-81.77521">
    <name>TP1503</name>
  </trkpt>
  <trkpt lat="36.1051" lon="-81.77528">
    <name>TP1504</name>
  </trkpt>
  <trkpt lat="36.1051" lon="-81.77532">
    <name>TP1505</name>
  </trkpt>
  <trkpt lat="36.1051" lon="-81.77534">
    <name>TP1506</name>
  </trkpt>
  <trkpt lat="36.10511" lon="-81.77539">
    <name>TP1507</name>
  </trkpt>
  <trkpt lat="36.1051" lon="-81.77545">
    <name>TP1508</name>
  </trkpt>
  <trkpt lat="36.1051" lon="-81.77552">
    <name>TP1509</name>
  </trkpt>
  <trkpt lat="36.1051" lon="-81.77553">
    <name>TP1510</name>
  </trkpt>
  <trkpt lat="36.1051" lon="-81.77559">
    <name>TP1511</name>
  </trkpt>
  <trkpt lat="36.10509" lon="-81.77571">
    <name>TP1512</name>
  </trkpt>
  <trkpt lat="36.10508" lon="-81.77575">
    <name>TP1513</name>
  </trkpt>
  <trkpt lat="36.10508" lon="-81.77582">
    <name>TP1514</name>
  </trkpt>
  <trkpt lat="36.10508" lon="-81.77589">
    <name>TP1515</name>
  </trkpt>
  <trkpt lat="36.10508" lon="-81.77598">
    <name>TP1516</name>
  </trkpt>
  <trkpt lat="36.10508" lon="-81.77599">
    <name>TP1517</name>
  </trkpt>
  <trkpt lat="36.10508" lon="-81.77608">
    <name>TP1518</name>
  </trkpt>
  <trkpt lat="36.10509" lon="-81.77616">
    <name>TP1519</name>
  </trkpt>
  <trkpt lat="36.1051" lon="-81.77621">
    <name>TP1520</name>
  </trkpt>
  <trkpt lat="36.1051" lon="-81.77624">
    <name>TP1521</name>
  </trkpt>
  <trkpt lat="36.10512" lon="-81.77636">
    <name>TP1522</name>
  </trkpt>
  <trkpt lat="36.10514" lon="-81.77643">
    <name>TP1523</name>
  </trkpt>
  <trkpt lat="36.10515" lon="-81.77647">
    <name>TP1524</name>
  </trkpt>
  <trkpt lat="36.10517" lon="-81.77655">
    <name>TP1525</name>
  </trkpt>
  <trkpt lat="36.1052" lon="-81.77664">
    <name>TP1526</name>
  </trkpt>
  <trkpt lat="36.1052" lon="-81.77665">
    <name>TP1527</name>
  </trkpt>
  <trkpt lat="36.10523" lon="-81.77672">
    <name>TP1528</name>
  </trkpt>
  <trkpt lat="36.10525" lon="-81.77677">
    <name>TP1529</name>
  </trkpt>
  <trkpt lat="36.10529" lon="-81.77684">
    <name>TP1530</name>
  </trkpt>
  <trkpt lat="36.10529" lon="-81.77685">
    <name>TP1531</name>
  </trkpt>
  <trkpt lat="36.10535" lon="-81.77695">
    <name>TP1532</name>
  </trkpt>
  <trkpt lat="36.10541" lon="-81.77705">
    <name>TP1533</name>
  </trkpt>
  <trkpt lat="36.10548" lon="-81.77718">
    <name>TP1534</name>
  </trkpt>
  <trkpt lat="36.10549" lon="-81.7772">
    <name>TP1535</name>
  </trkpt>
  <trkpt lat="36.10553" lon="-81.77727">
    <name>TP1536</name>
  </trkpt>
  <trkpt lat="36.10558" lon="-81.77739">
    <name>TP1537</name>
  </trkpt>
  <trkpt lat="36.10562" lon="-81.77748">
    <name>TP1538</name>
  </trkpt>
  <trkpt lat="36.10567" lon="-81.77761">
    <name>TP1539</name>
  </trkpt>
  <trkpt lat="36.10572" lon="-81.77774">
    <name>TP1540</name>
  </trkpt>
  <trkpt lat="36.10576" lon="-81.77779">
    <name>TP1541</name>
  </trkpt>
  <trkpt lat="36.10577" lon="-81.77781">
    <name>TP1542</name>
  </trkpt>
  <trkpt lat="36.10582" lon="-81.77786">
    <name>TP1543</name>
  </trkpt>
  <trkpt lat="36.10588" lon="-81.77791">
    <name>TP1544</name>
  </trkpt>
  <trkpt lat="36.10592" lon="-81.77792">
    <name>TP1545</name>
  </trkpt>
  <trkpt lat="36.10593" lon="-81.77793">
    <name>TP1546</name>
  </trkpt>
  <trkpt lat="36.10598" lon="-81.77794">
    <name>TP1547</name>
  </trkpt>
  <trkpt lat="36.10604" lon="-81.77795">
    <name>TP1548</name>
  </trkpt>
  <trkpt lat="36.1061" lon="-81.77794">
    <name>TP1549</name>
  </trkpt>
  <trkpt lat="36.10611" lon="-81.77794">
    <name>TP1550</name>
  </trkpt>
  <trkpt lat="36.10617" lon="-81.77793">
    <name>TP1551</name>
  </trkpt>
  <trkpt lat="36.10625" lon="-81.7779">
    <name>TP1552</name>
  </trkpt>
  <trkpt lat="36.10631" lon="-81.77788">
    <name>TP1553</name>
  </trkpt>
  <trkpt lat="36.10638" lon="-81.77784">
    <name>TP1554</name>
  </trkpt>
  <trkpt lat="36.10643" lon="-81.77781">
    <name>TP1555</name>
  </trkpt>
  <trkpt lat="36.10646" lon="-81.7778">
    <name>TP1556</name>
  </trkpt>
  <trkpt lat="36.10649" lon="-81.77777">
    <name>TP1557</name>
  </trkpt>
  <trkpt lat="36.10655" lon="-81.77774">
    <name>TP1558</name>
  </trkpt>
  <trkpt lat="36.10659" lon="-81.77772">
    <name>TP1559</name>
  </trkpt>
  <trkpt lat="36.10661" lon="-81.77771">
    <name>TP1560</name>
  </trkpt>
  <trkpt lat="36.10663" lon="-81.77771">
    <name>TP1561</name>
  </trkpt>
  <trkpt lat="36.10667" lon="-81.77771">
    <name>TP1562</name>
  </trkpt>
  <trkpt lat="36.1067" lon="-81.77771">
    <name>TP1563</name>
  </trkpt>
  <trkpt lat="36.10674" lon="-81.77773">
    <name>TP1564</name>
  </trkpt>
  <trkpt lat="36.10677" lon="-81.77774">
    <name>TP1565</name>
  </trkpt>
  <trkpt lat="36.10677" lon="-81.77775">
    <name>TP1566</name>
  </trkpt>
  <trkpt lat="36.10679" lon="-81.77777">
    <name>TP1567</name>
  </trkpt>
  <trkpt lat="36.10682" lon="-81.77781">
    <name>TP1568</name>
  </trkpt>
  <trkpt lat="36.10684" lon="-81.77785">
    <name>TP1569</name>
  </trkpt>
  <trkpt lat="36.10686" lon="-81.7779">
    <name>TP1570</name>
  </trkpt>
  <trkpt lat="36.10688" lon="-81.77796">
    <name>TP1571</name>
  </trkpt>
  <trkpt lat="36.10688" lon="-81.778">
    <name>TP1572</name>
  </trkpt>
  <trkpt lat="36.10689" lon="-81.77806">
    <name>TP1573</name>
  </trkpt>
  <trkpt lat="36.10689" lon="-81.77811">
    <name>TP1574</name>
  </trkpt>
  <trkpt lat="36.10689" lon="-81.77812">
    <name>TP1575</name>
  </trkpt>
  <trkpt lat="36.10689" lon="-81.77823">
    <name>TP1576</name>
  </trkpt>
  <trkpt lat="36.10688" lon="-81.77833">
    <name>TP1577</name>
  </trkpt>
  <trkpt lat="36.10688" lon="-81.77834">
    <name>TP1578</name>
  </trkpt>
  <trkpt lat="36.10688" lon="-81.77854">
    <name>TP1579</name>
  </trkpt>
  <trkpt lat="36.10687" lon="-81.77855">
    <name>TP1580</name>
  </trkpt>
  <trkpt lat="36.10687" lon="-81.77871">
    <name>TP1581</name>
  </trkpt>
  <trkpt lat="36.10687" lon="-81.77877">
    <name>TP1582</name>
  </trkpt>
  <trkpt lat="36.10686" lon="-81.77889">
    <name>TP1583</name>
  </trkpt>
  <trkpt lat="36.10685" lon="-81.77899">
    <name>TP1584</name>
  </trkpt>
  <trkpt lat="36.10685" lon="-81.77904">
    <name>TP1585</name>
  </trkpt>
  <trkpt lat="36.10683" lon="-81.77918">
    <name>TP1586</name>
  </trkpt>
  <trkpt lat="36.10682" lon="-81.77921">
    <name>TP1587</name>
  </trkpt>
  <trkpt lat="36.10679" lon="-81.77937">
    <name>TP1588</name>
  </trkpt>
  <trkpt lat="36.10678" lon="-81.77942">
    <name>TP1589</name>
  </trkpt>
  <trkpt lat="36.10677" lon="-81.77948">
    <name>TP1590</name>
  </trkpt>
  <trkpt lat="36.10676" lon="-81.77958">
    <name>TP1591</name>
  </trkpt>
  <trkpt lat="36.10676" lon="-81.77965">
    <name>TP1592</name>
  </trkpt>
  <trkpt lat="36.10676" lon="-81.77966">
    <name>TP1593</name>
  </trkpt>
  <trkpt lat="36.10677" lon="-81.77974">
    <name>TP1594</name>
  </trkpt>
  <trkpt lat="36.10679" lon="-81.77984">
    <name>TP1595</name>
  </trkpt>
  <trkpt lat="36.1068" lon="-81.77988">
    <name>TP1596</name>
  </trkpt>
  <trkpt lat="36.10683" lon="-81.77999">
    <name>TP1597</name>
  </trkpt>
  <trkpt lat="36.10686" lon="-81.78009">
    <name>TP1598</name>
  </trkpt>
  <trkpt lat="36.10686" lon="-81.78012">
    <name>TP1599</name>
  </trkpt>
  <trkpt lat="36.10689" lon="-81.78027">
    <name>TP1600</name>
  </trkpt>
  <trkpt lat="36.1069" lon="-81.7803">
    <name>TP1601</name>
  </trkpt>
  <trkpt lat="36.10691" lon="-81.78038">
    <name>TP1602</name>
  </trkpt>
  <trkpt lat="36.10693" lon="-81.78051">
    <name>TP1603</name>
  </trkpt>
  <trkpt lat="36.10693" lon="-81.78052">
    <name>TP1604</name>
  </trkpt>
  <trkpt lat="36.10694" lon="-81.78063">
    <name>TP1605</name>
  </trkpt>
  <trkpt lat="36.10694" lon="-81.78072">
    <name>TP1606</name>
  </trkpt>
  <trkpt lat="36.10694" lon="-81.78085">
    <name>TP1607</name>
  </trkpt>
  <trkpt lat="36.10694" lon="-81.78096">
    <name>TP1608</name>
  </trkpt>
  <trkpt lat="36.10694" lon="-81.78097">
    <name>TP1609</name>
  </trkpt>
  <trkpt lat="36.10693" lon="-81.7811">
    <name>TP1610</name>
  </trkpt>
  <trkpt lat="36.10692" lon="-81.78118">
    <name>TP1611</name>
  </trkpt>
  <trkpt lat="36.10692" lon="-81.7812">
    <name>TP1612</name>
  </trkpt>
  <trkpt lat="36.10692" lon="-81.78133">
    <name>TP1613</name>
  </trkpt>
  <trkpt lat="36.10693" lon="-81.78141">
    <name>TP1614</name>
  </trkpt>
  <trkpt lat="36.10695" lon="-81.78149">
    <name>TP1615</name>
  </trkpt>
  <trkpt lat="36.10698" lon="-81.78156">
    <name>TP1616</name>
  </trkpt>
  <trkpt lat="36.107" lon="-81.78162">
    <name>TP1617</name>
  </trkpt>
  <trkpt lat="36.10701" lon="-81.78163">
    <name>TP1618</name>
  </trkpt>
  <trkpt lat="36.10705" lon="-81.78169">
    <name>TP1619</name>
  </trkpt>
  <trkpt lat="36.10709" lon="-81.78174">
    <name>TP1620</name>
  </trkpt>
  <trkpt lat="36.10714" lon="-81.78179">
    <name>TP1621</name>
  </trkpt>
  <trkpt lat="36.10716" lon="-81.7818">
    <name>TP1622</name>
  </trkpt>
  <trkpt lat="36.10725" lon="-81.78186">
    <name>TP1623</name>
  </trkpt>
  <trkpt lat="36.10731" lon="-81.7819">
    <name>TP1624</name>
  </trkpt>
  <trkpt lat="36.10732" lon="-81.78191">
    <name>TP1625</name>
  </trkpt>
  <trkpt lat="36.10741" lon="-81.78196">
    <name>TP1626</name>
  </trkpt>
  <trkpt lat="36.10748" lon="-81.78199">
    <name>TP1627</name>
  </trkpt>
  <trkpt lat="36.10752" lon="-81.78199">
    <name>TP1628</name>
  </trkpt>
  <trkpt lat="36.10755" lon="-81.782">
    <name>TP1629</name>
  </trkpt>
  <trkpt lat="36.10759" lon="-81.782">
    <name>TP1630</name>
  </trkpt>
  <trkpt lat="36.10762" lon="-81.78199">
    <name>TP1631</name>
  </trkpt>
  <trkpt lat="36.10766" lon="-81.78197">
    <name>TP1632</name>
  </trkpt>
  <trkpt lat="36.10767" lon="-81.78196">
    <name>TP1633</name>
  </trkpt>
  <trkpt lat="36.1077" lon="-81.78195">
    <name>TP1634</name>
  </trkpt>
  <trkpt lat="36.10773" lon="-81.78192">
    <name>TP1635</name>
  </trkpt>
  <trkpt lat="36.10776" lon="-81.78188">
    <name>TP1636</name>
  </trkpt>
  <trkpt lat="36.10779" lon="-81.78182">
    <name>TP1637</name>
  </trkpt>
  <trkpt lat="36.1078" lon="-81.78178">
    <name>TP1638</name>
  </trkpt>
  <trkpt lat="36.10782" lon="-81.78175">
    <name>TP1639</name>
  </trkpt>
  <trkpt lat="36.10783" lon="-81.78169">
    <name>TP1640</name>
  </trkpt>
  <trkpt lat="36.10786" lon="-81.78161">
    <name>TP1641</name>
  </trkpt>
  <trkpt lat="36.10787" lon="-81.78158">
    <name>TP1642</name>
  </trkpt>
  <trkpt lat="36.10789" lon="-81.78151">
    <name>TP1643</name>
  </trkpt>
  <trkpt lat="36.10792" lon="-81.78145">
    <name>TP1644</name>
  </trkpt>
  <trkpt lat="36.10795" lon="-81.78138">
    <name>TP1645</name>
  </trkpt>
  <trkpt lat="36.10798" lon="-81.78132">
    <name>TP1646</name>
  </trkpt>
  <trkpt lat="36.10802" lon="-81.78123">
    <name>TP1647</name>
  </trkpt>
  <trkpt lat="36.10804" lon="-81.78119">
    <name>TP1648</name>
  </trkpt>
  <trkpt lat="36.10805" lon="-81.78117">
    <name>TP1649</name>
  </trkpt>
  <trkpt lat="36.10809" lon="-81.78108">
    <name>TP1650</name>
  </trkpt>
  <trkpt lat="36.10812" lon="-81.78096">
    <name>TP1651</name>
  </trkpt>
  <trkpt lat="36.10814" lon="-81.78084">
    <name>TP1652</name>
  </trkpt>
  <trkpt lat="36.10816" lon="-81.78076">
    <name>TP1653</name>
  </trkpt>
  <trkpt lat="36.10817" lon="-81.78071">
    <name>TP1654</name>
  </trkpt>
  <trkpt lat="36.10819" lon="-81.78059">
    <name>TP1655</name>
  </trkpt>
  <trkpt lat="36.1082" lon="-81.78055">
    <name>TP1656</name>
  </trkpt>
  <trkpt lat="36.10821" lon="-81.78049">
    <name>TP1657</name>
  </trkpt>
  <trkpt lat="36.10822" lon="-81.78044">
    <name>TP1658</name>
  </trkpt>
  <trkpt lat="36.10824" lon="-81.78039">
    <name>TP1659</name>
  </trkpt>
  <trkpt lat="36.10826" lon="-81.78034">
    <name>TP1660</name>
  </trkpt>
  <trkpt lat="36.10827" lon="-81.78031">
    <name>TP1661</name>
  </trkpt>
  <trkpt lat="36.10831" lon="-81.78023">
    <name>TP1662</name>
  </trkpt>
  <trkpt lat="36.10835" lon="-81.78017">
    <name>TP1663</name>
  </trkpt>
  <trkpt lat="36.10835" lon="-81.78016">
    <name>TP1664</name>
  </trkpt>
  <trkpt lat="36.10838" lon="-81.78012">
    <name>TP1665</name>
  </trkpt>
  <trkpt lat="36.10841" lon="-81.78009">
    <name>TP1666</name>
  </trkpt>
  <trkpt lat="36.10845" lon="-81.78004">
    <name>TP1667</name>
  </trkpt>
  <trkpt lat="36.1085" lon="-81.77999">
    <name>TP1668</name>
  </trkpt>
  <trkpt lat="36.10855" lon="-81.77994">
    <name>TP1669</name>
  </trkpt>
  <trkpt lat="36.10859" lon="-81.77989">
    <name>TP1670</name>
  </trkpt>
  <trkpt lat="36.10861" lon="-81.77986">
    <name>TP1671</name>
  </trkpt>
  <trkpt lat="36.10864" lon="-81.77983">
    <name>TP1672</name>
  </trkpt>
  <trkpt lat="36.10869" lon="-81.77975">
    <name>TP1673</name>
  </trkpt>
  <trkpt lat="36.10872" lon="-81.77968">
    <name>TP1674</name>
  </trkpt>
  <trkpt lat="36.10873" lon="-81.77966">
    <name>TP1675</name>
  </trkpt>
  <trkpt lat="36.10877" lon="-81.77957">
    <name>TP1676</name>
  </trkpt>
  <trkpt lat="36.10881" lon="-81.7795">
    <name>TP1677</name>
  </trkpt>
  <trkpt lat="36.10882" lon="-81.77949">
    <name>TP1678</name>
  </trkpt>
  <trkpt lat="36.10886" lon="-81.77941">
    <name>TP1679</name>
  </trkpt>
  <trkpt lat="36.10893" lon="-81.7793">
    <name>TP1680</name>
  </trkpt>
  <trkpt lat="36.109" lon="-81.77922">
    <name>TP1681</name>
  </trkpt>
  <trkpt lat="36.10905" lon="-81.77917">
    <name>TP1682</name>
  </trkpt>
  <trkpt lat="36.10906" lon="-81.77915">
    <name>TP1683</name>
  </trkpt>
  <trkpt lat="36.10912" lon="-81.77911">
    <name>TP1684</name>
  </trkpt>
  <trkpt lat="36.10919" lon="-81.77905">
    <name>TP1685</name>
  </trkpt>
  <trkpt lat="36.1092" lon="-81.77904">
    <name>TP1686</name>
  </trkpt>
  <trkpt lat="36.10925" lon="-81.779">
    <name>TP1687</name>
  </trkpt>
  <trkpt lat="36.1093" lon="-81.77893">
    <name>TP1688</name>
  </trkpt>
  <trkpt lat="36.10933" lon="-81.77888">
    <name>TP1689</name>
  </trkpt>
  <trkpt lat="36.10934" lon="-81.77886">
    <name>TP1690</name>
  </trkpt>
  <trkpt lat="36.10938" lon="-81.77879">
    <name>TP1691</name>
  </trkpt>
  <trkpt lat="36.10942" lon="-81.77868">
    <name>TP1692</name>
  </trkpt>
  <trkpt lat="36.10946" lon="-81.77856">
    <name>TP1693</name>
  </trkpt>
  <trkpt lat="36.10949" lon="-81.77848">
    <name>TP1694</name>
  </trkpt>
  <trkpt lat="36.1095" lon="-81.77846">
    <name>TP1695</name>
  </trkpt>
  <trkpt lat="36.10955" lon="-81.77839">
    <name>TP1696</name>
  </trkpt>
  <trkpt lat="36.10958" lon="-81.77833">
    <name>TP1697</name>
  </trkpt>
  <trkpt lat="36.1096" lon="-81.7783">
    <name>TP1698</name>
  </trkpt>
  <trkpt lat="36.10961" lon="-81.77828">
    <name>TP1699</name>
  </trkpt>
  <trkpt lat="36.10965" lon="-81.77821">
    <name>TP1700</name>
  </trkpt>
  <trkpt lat="36.10966" lon="-81.77817">
    <name>TP1701</name>
  </trkpt>
  <trkpt lat="36.10967" lon="-81.77812">
    <name>TP1702</name>
  </trkpt>
  <trkpt lat="36.10968" lon="-81.77809">
    <name>TP1703</name>
  </trkpt>
  <trkpt lat="36.10968" lon="-81.77805">
    <name>TP1704</name>
  </trkpt>
  <trkpt lat="36.10969" lon="-81.77797">
    <name>TP1705</name>
  </trkpt>
  <trkpt lat="36.10968" lon="-81.77789">
    <name>TP1706</name>
  </trkpt>
  <trkpt lat="36.10968" lon="-81.77786">
    <name>TP1707</name>
  </trkpt>
  <trkpt lat="36.10967" lon="-81.77779">
    <name>TP1708</name>
  </trkpt>
  <trkpt lat="36.10966" lon="-81.7777">
    <name>TP1709</name>
  </trkpt>
  <trkpt lat="36.10965" lon="-81.77764">
    <name>TP1710</name>
  </trkpt>
  <trkpt lat="36.10965" lon="-81.77762">
    <name>TP1711</name>
  </trkpt>
  <trkpt lat="36.10965" lon="-81.77757">
    <name>TP1712</name>
  </trkpt>
  <trkpt lat="36.10965" lon="-81.77751">
    <name>TP1713</name>
  </trkpt>
  <trkpt lat="36.10965" lon="-81.77744">
    <name>TP1714</name>
  </trkpt>
  <trkpt lat="36.10965" lon="-81.77742">
    <name>TP1715</name>
  </trkpt>
  <trkpt lat="36.10966" lon="-81.77737">
    <name>TP1716</name>
  </trkpt>
  <trkpt lat="36.10967" lon="-81.7773">
    <name>TP1717</name>
  </trkpt>
  <trkpt lat="36.10968" lon="-81.77723">
    <name>TP1718</name>
  </trkpt>
  <trkpt lat="36.10968" lon="-81.77721">
    <name>TP1719</name>
  </trkpt>
  <trkpt lat="36.10969" lon="-81.77718">
    <name>TP1720</name>
  </trkpt>
  <trkpt lat="36.10971" lon="-81.7771">
    <name>TP1721</name>
  </trkpt>
  <trkpt lat="36.10973" lon="-81.77704">
    <name>TP1722</name>
  </trkpt>
  <trkpt lat="36.10975" lon="-81.77701">
    <name>TP1723</name>
  </trkpt>
  <trkpt lat="36.10976" lon="-81.77698">
    <name>TP1724</name>
  </trkpt>
  <trkpt lat="36.10979" lon="-81.77693">
    <name>TP1725</name>
  </trkpt>
  <trkpt lat="36.10982" lon="-81.77689">
    <name>TP1726</name>
  </trkpt>
  <trkpt lat="36.10986" lon="-81.77686">
    <name>TP1727</name>
  </trkpt>
  <trkpt lat="36.10987" lon="-81.77685">
    <name>TP1728</name>
  </trkpt>
  <trkpt lat="36.10992" lon="-81.77681">
    <name>TP1729</name>
  </trkpt>
  <trkpt lat="36.10998" lon="-81.77679">
    <name>TP1730</name>
  </trkpt>
  <trkpt lat="36.11001" lon="-81.77678">
    <name>TP1731</name>
  </trkpt>
  <trkpt lat="36.11006" lon="-81.77677">
    <name>TP1732</name>
  </trkpt>
  <trkpt lat="36.11013" lon="-81.77674">
    <name>TP1733</name>
  </trkpt>
  <trkpt lat="36.11019" lon="-81.77671">
    <name>TP1734</name>
  </trkpt>
  <trkpt lat="36.11023" lon="-81.77668">
    <name>TP1735</name>
  </trkpt>
  <trkpt lat="36.11026" lon="-81.77665">
    <name>TP1736</name>
  </trkpt>
  <trkpt lat="36.1103" lon="-81.77662">
    <name>TP1737</name>
  </trkpt>
  <trkpt lat="36.11034" lon="-81.77657">
    <name>TP1738</name>
  </trkpt>
  <trkpt lat="36.11037" lon="-81.77652">
    <name>TP1739</name>
  </trkpt>
  <trkpt lat="36.1104" lon="-81.77646">
    <name>TP1740</name>
  </trkpt>
  <trkpt lat="36.11044" lon="-81.77637">
    <name>TP1741</name>
  </trkpt>
  <trkpt lat="36.11048" lon="-81.77628">
    <name>TP1742</name>
  </trkpt>
  <trkpt lat="36.11051" lon="-81.7762">
    <name>TP1743</name>
  </trkpt>
  <trkpt lat="36.11052" lon="-81.77618">
    <name>TP1744</name>
  </trkpt>
  <trkpt lat="36.11054" lon="-81.77612">
    <name>TP1745</name>
  </trkpt>
  <trkpt lat="36.11058" lon="-81.77606">
    <name>TP1746</name>
  </trkpt>
  <trkpt lat="36.11062" lon="-81.776">
    <name>TP1747</name>
  </trkpt>
  <trkpt lat="36.11062" lon="-81.77599">
    <name>TP1748</name>
  </trkpt>
  <trkpt lat="36.11067" lon="-81.77592">
    <name>TP1749</name>
  </trkpt>
  <trkpt lat="36.11073" lon="-81.77584">
    <name>TP1750</name>
  </trkpt>
  <trkpt lat="36.11079" lon="-81.77576">
    <name>TP1751</name>
  </trkpt>
  <trkpt lat="36.11083" lon="-81.77569">
    <name>TP1752</name>
  </trkpt>
  <trkpt lat="36.11085" lon="-81.77565">
    <name>TP1753</name>
  </trkpt>
  <trkpt lat="36.11087" lon="-81.77563">
    <name>TP1754</name>
  </trkpt>
  <trkpt lat="36.11089" lon="-81.77556">
    <name>TP1755</name>
  </trkpt>
  <trkpt lat="36.11092" lon="-81.77548">
    <name>TP1756</name>
  </trkpt>
  <trkpt lat="36.11092" lon="-81.77544">
    <name>TP1757</name>
  </trkpt>
  <trkpt lat="36.11093" lon="-81.7754">
    <name>TP1758</name>
  </trkpt>
  <trkpt lat="36.11094" lon="-81.77529">
    <name>TP1759</name>
  </trkpt>
  <trkpt lat="36.11095" lon="-81.77521">
    <name>TP1760</name>
  </trkpt>
  <trkpt lat="36.11095" lon="-81.77518">
    <name>TP1761</name>
  </trkpt>
  <trkpt lat="36.11097" lon="-81.77507">
    <name>TP1762</name>
  </trkpt>
  <trkpt lat="36.11098" lon="-81.775">
    <name>TP1763</name>
  </trkpt>
  <trkpt lat="36.11098" lon="-81.77497">
    <name>TP1764</name>
  </trkpt>
  <trkpt lat="36.111" lon="-81.77489">
    <name>TP1765</name>
  </trkpt>
  <trkpt lat="36.11102" lon="-81.77484">
    <name>TP1766</name>
  </trkpt>
  <trkpt lat="36.11104" lon="-81.77478">
    <name>TP1767</name>
  </trkpt>
  <trkpt lat="36.11108" lon="-81.77473">
    <name>TP1768</name>
  </trkpt>
  <trkpt lat="36.11111" lon="-81.77469">
    <name>TP1769</name>
  </trkpt>
  <trkpt lat="36.11115" lon="-81.77467">
    <name>TP1770</name>
  </trkpt>
  <trkpt lat="36.11115" lon="-81.77466">
    <name>TP1771</name>
  </trkpt>
  <trkpt lat="36.11119" lon="-81.77465">
    <name>TP1772</name>
  </trkpt>
  <trkpt lat="36.11122" lon="-81.77464">
    <name>TP1773</name>
  </trkpt>
  <trkpt lat="36.11126" lon="-81.77464">
    <name>TP1774</name>
  </trkpt>
  <trkpt lat="36.11132" lon="-81.77465">
    <name>TP1775</name>
  </trkpt>
  <trkpt lat="36.11136" lon="-81.77467">
    <name>TP1776</name>
  </trkpt>
  <trkpt lat="36.11145" lon="-81.7747">
    <name>TP1777</name>
  </trkpt>
  <trkpt lat="36.11157" lon="-81.77476">
    <name>TP1778</name>
  </trkpt>
  <trkpt lat="36.11165" lon="-81.7748">
    <name>TP1779</name>
  </trkpt>
  <trkpt lat="36.11174" lon="-81.77485">
    <name>TP1780</name>
  </trkpt>
  <trkpt lat="36.11187" lon="-81.77492">
    <name>TP1781</name>
  </trkpt>
  <trkpt lat="36.11198" lon="-81.77498">
    <name>TP1782</name>
  </trkpt>
  <trkpt lat="36.11215" lon="-81.77512">
    <name>TP1783</name>
  </trkpt>
  <trkpt lat="36.11222" lon="-81.77517">
    <name>TP1784</name>
  </trkpt>
  <trkpt lat="36.1123" lon="-81.77524">
    <name>TP1785</name>
  </trkpt>
  <trkpt lat="36.11237" lon="-81.7753">
    <name>TP1786</name>
  </trkpt>
  <trkpt lat="36.11244" lon="-81.77536">
    <name>TP1787</name>
  </trkpt>
  <trkpt lat="36.11255" lon="-81.77546">
    <name>TP1788</name>
  </trkpt>
  <trkpt lat="36.11272" lon="-81.7756">
    <name>TP1789</name>
  </trkpt>
  <trkpt lat="36.11274" lon="-81.77562">
    <name>TP1790</name>
  </trkpt>
  <trkpt lat="36.11287" lon="-81.77573">
    <name>TP1791</name>
  </trkpt>
  <trkpt lat="36.11289" lon="-81.77575">
    <name>TP1792</name>
  </trkpt>
  <trkpt lat="36.11298" lon="-81.77583">
    <name>TP1793</name>
  </trkpt>
  <trkpt lat="36.11302" lon="-81.77586">
    <name>TP1794</name>
  </trkpt>
  <trkpt lat="36.11303" lon="-81.77587">
    <name>TP1795</name>
  </trkpt>
  <trkpt lat="36.11305" lon="-81.77589">
    <name>TP1796</name>
  </trkpt>
  <trkpt lat="36.11321" lon="-81.77604">
    <name>TP1797</name>
  </trkpt>
  <trkpt lat="36.11331" lon="-81.77615">
    <name>TP1798</name>
  </trkpt>
  <trkpt lat="36.11339" lon="-81.77624">
    <name>TP1799</name>
  </trkpt>
  <trkpt lat="36.11347" lon="-81.77634">
    <name>TP1800</name>
  </trkpt>
  <trkpt lat="36.11357" lon="-81.77646">
    <name>TP1801</name>
  </trkpt>
  <trkpt lat="36.11358" lon="-81.77647">
    <name>TP1802</name>
  </trkpt>
  <trkpt lat="36.11368" lon="-81.77661">
    <name>TP1803</name>
  </trkpt>
  <trkpt lat="36.11369" lon="-81.77662">
    <name>TP1804</name>
  </trkpt>
  <trkpt lat="36.11373" lon="-81.77669">
    <name>TP1805</name>
  </trkpt>
  <trkpt lat="36.11377" lon="-81.77677">
    <name>TP1806</name>
  </trkpt>
  <trkpt lat="36.11379" lon="-81.7768">
    <name>TP1807</name>
  </trkpt>
  <trkpt lat="36.11382" lon="-81.77688">
    <name>TP1808</name>
  </trkpt>
  <trkpt lat="36.11385" lon="-81.77697">
    <name>TP1809</name>
  </trkpt>
  <trkpt lat="36.11385" lon="-81.77698">
    <name>TP1810</name>
  </trkpt>
  <trkpt lat="36.11386" lon="-81.777">
    <name>TP1811</name>
  </trkpt>
  <trkpt lat="36.11387" lon="-81.77704">
    <name>TP1812</name>
  </trkpt>
  <trkpt lat="36.1139" lon="-81.77718">
    <name>TP1813</name>
  </trkpt>
  <trkpt lat="36.1139" lon="-81.7772">
    <name>TP1814</name>
  </trkpt>
  <trkpt lat="36.11392" lon="-81.7774">
    <name>TP1815</name>
  </trkpt>
  <trkpt lat="36.11392" lon="-81.77743">
    <name>TP1816</name>
  </trkpt>
  <trkpt lat="36.11394" lon="-81.77753">
    <name>TP1817</name>
  </trkpt>
  <trkpt lat="36.11395" lon="-81.77765">
    <name>TP1818</name>
  </trkpt>
  <trkpt lat="36.11396" lon="-81.77768">
    <name>TP1819</name>
  </trkpt>
  <trkpt lat="36.11397" lon="-81.77773">
    <name>TP1820</name>
  </trkpt>
  <trkpt lat="36.11398" lon="-81.77779">
    <name>TP1821</name>
  </trkpt>
  <trkpt lat="36.11399" lon="-81.77782">
    <name>TP1822</name>
  </trkpt>
  <trkpt lat="36.114" lon="-81.77784">
    <name>TP1823</name>
  </trkpt>
  <trkpt lat="36.114" lon="-81.77787">
    <name>TP1824</name>
  </trkpt>
  <trkpt lat="36.11401" lon="-81.7779">
    <name>TP1825</name>
  </trkpt>
  <trkpt lat="36.11406" lon="-81.77804">
    <name>TP1826</name>
  </trkpt>
  <trkpt lat="36.11407" lon="-81.77808">
    <name>TP1827</name>
  </trkpt>
  <trkpt lat="36.11409" lon="-81.77812">
    <name>TP1828</name>
  </trkpt>
  <trkpt lat="36.11413" lon="-81.7782">
    <name>TP1829</name>
  </trkpt>
  <trkpt lat="36.11416" lon="-81.77825">
    <name>TP1830</name>
  </trkpt>
  <trkpt lat="36.11418" lon="-81.77827">
    <name>TP1831</name>
  </trkpt>
  <trkpt lat="36.1142" lon="-81.7783">
    <name>TP1832</name>
  </trkpt>
  <trkpt lat="36.11424" lon="-81.77834">
    <name>TP1833</name>
  </trkpt>
  <trkpt lat="36.11429" lon="-81.77838">
    <name>TP1834</name>
  </trkpt>
  <trkpt lat="36.11432" lon="-81.7784">
    <name>TP1835</name>
  </trkpt>
  <trkpt lat="36.11434" lon="-81.7784">
    <name>TP1836</name>
  </trkpt>
  <trkpt lat="36.11435" lon="-81.77841">
    <name>TP1837</name>
  </trkpt>
  <trkpt lat="36.11439" lon="-81.77841">
    <name>TP1838</name>
  </trkpt>
  <trkpt lat="36.11443" lon="-81.7784">
    <name>TP1839</name>
  </trkpt>
  <trkpt lat="36.11447" lon="-81.77839">
    <name>TP1840</name>
  </trkpt>
  <trkpt lat="36.11452" lon="-81.77837">
    <name>TP1841</name>
  </trkpt>
  <trkpt lat="36.11453" lon="-81.77836">
    <name>TP1842</name>
  </trkpt>
  <trkpt lat="36.1146" lon="-81.77832">
    <name>TP1843</name>
  </trkpt>
  <trkpt lat="36.11464" lon="-81.77828">
    <name>TP1844</name>
  </trkpt>
  <trkpt lat="36.11469" lon="-81.77825">
    <name>TP1845</name>
  </trkpt>
  <trkpt lat="36.11479" lon="-81.77817">
    <name>TP1846</name>
  </trkpt>
  <trkpt lat="36.11489" lon="-81.77808">
    <name>TP1847</name>
  </trkpt>
  <trkpt lat="36.11497" lon="-81.778">
    <name>TP1848</name>
  </trkpt>
  <trkpt lat="36.11498" lon="-81.77798">
    <name>TP1849</name>
  </trkpt>
  <trkpt lat="36.11506" lon="-81.7779">
    <name>TP1850</name>
  </trkpt>
  <trkpt lat="36.11512" lon="-81.77784">
    <name>TP1851</name>
  </trkpt>
  <trkpt lat="36.11516" lon="-81.77779">
    <name>TP1852</name>
  </trkpt>
  <trkpt lat="36.11523" lon="-81.77771">
    <name>TP1853</name>
  </trkpt>
  <trkpt lat="36.11525" lon="-81.77769">
    <name>TP1854</name>
  </trkpt>
  <trkpt lat="36.1153" lon="-81.77765">
    <name>TP1855</name>
  </trkpt>
  <trkpt lat="36.11538" lon="-81.77759">
    <name>TP1856</name>
  </trkpt>
  <trkpt lat="36.11546" lon="-81.77754">
    <name>TP1857</name>
  </trkpt>
  <trkpt lat="36.11556" lon="-81.77747">
    <name>TP1858</name>
  </trkpt>
  <trkpt lat="36.11568" lon="-81.77741">
    <name>TP1859</name>
  </trkpt>
  <trkpt lat="36.11581" lon="-81.77734">
    <name>TP1860</name>
  </trkpt>
  <trkpt lat="36.11596" lon="-81.77726">
    <name>TP1861</name>
  </trkpt>
  <trkpt lat="36.11604" lon="-81.77723">
    <name>TP1862</name>
  </trkpt>
  <trkpt lat="36.11605" lon="-81.77722">
    <name>TP1863</name>
  </trkpt>
  <trkpt lat="36.11613" lon="-81.7772">
    <name>TP1864</name>
  </trkpt>
  <trkpt lat="36.11623" lon="-81.77717">
    <name>TP1865</name>
  </trkpt>
  <trkpt lat="36.11626" lon="-81.77716">
    <name>TP1866</name>
  </trkpt>
  <trkpt lat="36.1164" lon="-81.77714">
    <name>TP1867</name>
  </trkpt>
  <trkpt lat="36.11645" lon="-81.77713">
    <name>TP1868</name>
  </trkpt>
  <trkpt lat="36.11658" lon="-81.7771">
    <name>TP1869</name>
  </trkpt>
  <trkpt lat="36.11662" lon="-81.77709">
    <name>TP1870</name>
  </trkpt>
  <trkpt lat="36.1167" lon="-81.77707">
    <name>TP1871</name>
  </trkpt>
  <trkpt lat="36.11677" lon="-81.77704">
    <name>TP1872</name>
  </trkpt>
  <trkpt lat="36.11684" lon="-81.77701">
    <name>TP1873</name>
  </trkpt>
  <trkpt lat="36.11691" lon="-81.77697">
    <name>TP1874</name>
  </trkpt>
  <trkpt lat="36.11693" lon="-81.77696">
    <name>TP1875</name>
  </trkpt>
  <trkpt lat="36.11702" lon="-81.7769">
    <name>TP1876</name>
  </trkpt>
  <trkpt lat="36.11712" lon="-81.77682">
    <name>TP1877</name>
  </trkpt>
  <trkpt lat="36.11724" lon="-81.77672">
    <name>TP1878</name>
  </trkpt>
  <trkpt lat="36.11725" lon="-81.77672">
    <name>TP1879</name>
  </trkpt>
  <trkpt lat="36.11733" lon="-81.77664">
    <name>TP1880</name>
  </trkpt>
  <trkpt lat="36.11738" lon="-81.77658">
    <name>TP1881</name>
  </trkpt>
  <trkpt lat="36.11741" lon="-81.77656">
    <name>TP1882</name>
  </trkpt>
  <trkpt lat="36.11747" lon="-81.77649">
    <name>TP1883</name>
  </trkpt>
  <trkpt lat="36.11751" lon="-81.77642">
    <name>TP1884</name>
  </trkpt>
  <trkpt lat="36.11752" lon="-81.7764">
    <name>TP1885</name>
  </trkpt>
  <trkpt lat="36.11758" lon="-81.7763">
    <name>TP1886</name>
  </trkpt>
  <trkpt lat="36.11761" lon="-81.77623">
    <name>TP1887</name>
  </trkpt>
  <trkpt lat="36.11764" lon="-81.77618">
    <name>TP1888</name>
  </trkpt>
  <trkpt lat="36.11769" lon="-81.77606">
    <name>TP1889</name>
  </trkpt>
  <trkpt lat="36.1177" lon="-81.77603">
    <name>TP1890</name>
  </trkpt>
  <trkpt lat="36.11774" lon="-81.77594">
    <name>TP1891</name>
  </trkpt>
  <trkpt lat="36.11778" lon="-81.77583">
    <name>TP1892</name>
  </trkpt>
  <trkpt lat="36.11779" lon="-81.77581">
    <name>TP1893</name>
  </trkpt>
  <trkpt lat="36.11784" lon="-81.77568">
    <name>TP1894</name>
  </trkpt>
  <trkpt lat="36.11786" lon="-81.77564">
    <name>TP1895</name>
  </trkpt>
  <trkpt lat="36.11789" lon="-81.7756">
    <name>TP1896</name>
  </trkpt>
  <trkpt lat="36.11792" lon="-81.77554">
    <name>TP1897</name>
  </trkpt>
  <trkpt lat="36.11798" lon="-81.77546">
    <name>TP1898</name>
  </trkpt>
  <trkpt lat="36.11804" lon="-81.77539">
    <name>TP1899</name>
  </trkpt>
  <trkpt lat="36.11811" lon="-81.77532">
    <name>TP1900</name>
  </trkpt>
  <trkpt lat="36.11819" lon="-81.77526">
    <name>TP1901</name>
  </trkpt>
  <trkpt lat="36.11828" lon="-81.77522">
    <name>TP1902</name>
  </trkpt>
  <trkpt lat="36.11836" lon="-81.77518">
    <name>TP1903</name>
  </trkpt>
  <trkpt lat="36.11842" lon="-81.77516">
    <name>TP1904</name>
  </trkpt>
  <trkpt lat="36.11845" lon="-81.77515">
    <name>TP1905</name>
  </trkpt>
  <trkpt lat="36.11858" lon="-81.77513">
    <name>TP1906</name>
  </trkpt>
  <trkpt lat="36.1186" lon="-81.77512">
    <name>TP1907</name>
  </trkpt>
  <trkpt lat="36.11869" lon="-81.77511">
    <name>TP1908</name>
  </trkpt>
  <trkpt lat="36.11873" lon="-81.77509">
    <name>TP1909</name>
  </trkpt>
  <trkpt lat="36.11878" lon="-81.77508">
    <name>TP1910</name>
  </trkpt>
  <trkpt lat="36.11882" lon="-81.77506">
    <name>TP1911</name>
  </trkpt>
  <trkpt lat="36.11886" lon="-81.77503">
    <name>TP1912</name>
  </trkpt>
  <trkpt lat="36.11889" lon="-81.775">
    <name>TP1913</name>
  </trkpt>
  <trkpt lat="36.11893" lon="-81.77496">
    <name>TP1914</name>
  </trkpt>
  <trkpt lat="36.11894" lon="-81.77494">
    <name>TP1915</name>
  </trkpt>
  <trkpt lat="36.11895" lon="-81.77491">
    <name>TP1916</name>
  </trkpt>
  <trkpt lat="36.11898" lon="-81.77483">
    <name>TP1917</name>
  </trkpt>
  <trkpt lat="36.11899" lon="-81.77477">
    <name>TP1918</name>
  </trkpt>
  <trkpt lat="36.11899" lon="-81.77471">
    <name>TP1919</name>
  </trkpt>
  <trkpt lat="36.11899" lon="-81.77463">
    <name>TP1920</name>
  </trkpt>
  <trkpt lat="36.11897" lon="-81.77454">
    <name>TP1921</name>
  </trkpt>
  <trkpt lat="36.11896" lon="-81.77448">
    <name>TP1922</name>
  </trkpt>
  <trkpt lat="36.11894" lon="-81.77441">
    <name>TP1923</name>
  </trkpt>
  <trkpt lat="36.11891" lon="-81.77429">
    <name>TP1924</name>
  </trkpt>
  <trkpt lat="36.11885" lon="-81.77413">
    <name>TP1925</name>
  </trkpt>
  <trkpt lat="36.11884" lon="-81.77406">
    <name>TP1926</name>
  </trkpt>
  <trkpt lat="36.11881" lon="-81.77398">
    <name>TP1927</name>
  </trkpt>
  <trkpt lat="36.11879" lon="-81.77386">
    <name>TP1928</name>
  </trkpt>
  <trkpt lat="36.11877" lon="-81.77374">
    <name>TP1929</name>
  </trkpt>
  <trkpt lat="36.11876" lon="-81.77365">
    <name>TP1930</name>
  </trkpt>
  <trkpt lat="36.11876" lon="-81.77354">
    <name>TP1931</name>
  </trkpt>
  <trkpt lat="36.11877" lon="-81.77344">
    <name>TP1932</name>
  </trkpt>
  <trkpt lat="36.11879" lon="-81.77335">
    <name>TP1933</name>
  </trkpt>
  <trkpt lat="36.11882" lon="-81.77324">
    <name>TP1934</name>
  </trkpt>
  <trkpt lat="36.11882" lon="-81.77322">
    <name>TP1935</name>
  </trkpt>
  <trkpt lat="36.11885" lon="-81.77312">
    <name>TP1936</name>
  </trkpt>
  <trkpt lat="36.11888" lon="-81.77301">
    <name>TP1937</name>
  </trkpt>
  <trkpt lat="36.11889" lon="-81.77297">
    <name>TP1938</name>
  </trkpt>
  <trkpt lat="36.11893" lon="-81.77283">
    <name>TP1939</name>
  </trkpt>
  <trkpt lat="36.11894" lon="-81.7728">
    <name>TP1940</name>
  </trkpt>
  <trkpt lat="36.11897" lon="-81.77269">
    <name>TP1941</name>
  </trkpt>
  <trkpt lat="36.119" lon="-81.77259">
    <name>TP1942</name>
  </trkpt>
  <trkpt lat="36.11901" lon="-81.77254">
    <name>TP1943</name>
  </trkpt>
  <trkpt lat="36.11905" lon="-81.7724">
    <name>TP1944</name>
  </trkpt>
  <trkpt lat="36.11905" lon="-81.77237">
    <name>TP1945</name>
  </trkpt>
  <trkpt lat="36.11908" lon="-81.77227">
    <name>TP1946</name>
  </trkpt>
  <trkpt lat="36.11911" lon="-81.77216">
    <name>TP1947</name>
  </trkpt>
  <trkpt lat="36.11914" lon="-81.77205">
    <name>TP1948</name>
  </trkpt>
  <trkpt lat="36.11916" lon="-81.77195">
    <name>TP1949</name>
  </trkpt>
  <trkpt lat="36.11921" lon="-81.77177">
    <name>TP1950</name>
  </trkpt>
  <trkpt lat="36.11922" lon="-81.77174">
    <name>TP1951</name>
  </trkpt>
  <trkpt lat="36.11928" lon="-81.77153">
    <name>TP1952</name>
  </trkpt>
  <trkpt lat="36.1193" lon="-81.77145">
    <name>TP1953</name>
  </trkpt>
  <trkpt lat="36.11933" lon="-81.77132">
    <name>TP1954</name>
  </trkpt>
  <trkpt lat="36.11938" lon="-81.77115">
    <name>TP1955</name>
  </trkpt>
  <trkpt lat="36.11939" lon="-81.7711">
    <name>TP1956</name>
  </trkpt>
  <trkpt lat="36.11943" lon="-81.77094">
    <name>TP1957</name>
  </trkpt>
  <trkpt lat="36.11946" lon="-81.7708">
    <name>TP1958</name>
  </trkpt>
  <trkpt lat="36.11948" lon="-81.77069">
    <name>TP1959</name>
  </trkpt>
  <trkpt lat="36.1195" lon="-81.77058">
    <name>TP1960</name>
  </trkpt>
  <trkpt lat="36.11952" lon="-81.77044">
    <name>TP1961</name>
  </trkpt>
  <trkpt lat="36.11952" lon="-81.77036">
    <name>TP1962</name>
  </trkpt>
  <trkpt lat="36.11952" lon="-81.77022">
    <name>TP1963</name>
  </trkpt>
  <trkpt lat="36.11951" lon="-81.77013">
    <name>TP1964</name>
  </trkpt>
  <trkpt lat="36.11949" lon="-81.76999">
    <name>TP1965</name>
  </trkpt>
  <trkpt lat="36.11947" lon="-81.76988">
    <name>TP1966</name>
  </trkpt>
  <trkpt lat="36.11946" lon="-81.76984">
    <name>TP1967</name>
  </trkpt>
  <trkpt lat="36.11942" lon="-81.76971">
    <name>TP1968</name>
  </trkpt>
  <trkpt lat="36.11939" lon="-81.76963">
    <name>TP1969</name>
  </trkpt>
  <trkpt lat="36.11937" lon="-81.76958">
    <name>TP1970</name>
  </trkpt>
  <trkpt lat="36.11927" lon="-81.76933">
    <name>TP1971</name>
  </trkpt>
  <trkpt lat="36.11916" lon="-81.76904">
    <name>TP1972</name>
  </trkpt>
  <trkpt lat="36.11916" lon="-81.76903">
    <name>TP1973</name>
  </trkpt>
  <trkpt lat="36.11908" lon="-81.76883">
    <name>TP1974</name>
  </trkpt>
  <trkpt lat="36.1190798" lon="-81.7688339">
    <name>TP1975</name>
  </trkpt>
  <trkpt lat="36.11918" lon="-81.7688">
    <name>TP1976</name>
  </trkpt>
  <trkpt lat="36.11929" lon="-81.76882">
    <name>TP1977</name>
  </trkpt>
  <trkpt lat="36.11936" lon="-81.76885">
    <name>TP1978</name>
  </trkpt>
  <trkpt lat="36.11953" lon="-81.76891">
    <name>TP1979</name>
  </trkpt>
  <trkpt lat="36.11966" lon="-81.76895">
    <name>TP1980</name>
  </trkpt>
  <trkpt lat="36.11988" lon="-81.76903">
    <name>TP1981</name>
  </trkpt>
  <trkpt lat="36.11995" lon="-81.76906">
    <name>TP1982</name>
  </trkpt>
  <trkpt lat="36.12002" lon="-81.7691">
    <name>TP1983</name>
  </trkpt>
  <trkpt lat="36.12004" lon="-81.76912">
    <name>TP1984</name>
  </trkpt>
  <trkpt lat="36.12009" lon="-81.76914">
    <name>TP1985</name>
  </trkpt>
  <trkpt lat="36.12019" lon="-81.76921">
    <name>TP1986</name>
  </trkpt>
  <trkpt lat="36.1202" lon="-81.76922">
    <name>TP1987</name>
  </trkpt>
  <trkpt lat="36.12036" lon="-81.76933">
    <name>TP1988</name>
  </trkpt>
  <trkpt lat="36.12051" lon="-81.76946">
    <name>TP1989</name>
  </trkpt>
  <trkpt lat="36.12058" lon="-81.76952">
    <name>TP1990</name>
  </trkpt>
  <trkpt lat="36.12065" lon="-81.76959">
    <name>TP1991</name>
  </trkpt>
  <trkpt lat="36.12069" lon="-81.76961">
    <name>TP1992</name>
  </trkpt>
  <trkpt lat="36.12077" lon="-81.76967">
    <name>TP1993</name>
  </trkpt>
  <trkpt lat="36.12082" lon="-81.76968">
    <name>TP1994</name>
  </trkpt>
  <trkpt lat="36.12084" lon="-81.76968">
    <name>TP1995</name>
  </trkpt>
  <trkpt lat="36.12096" lon="-81.76968">
    <name>TP1996</name>
  </trkpt>
  <trkpt lat="36.12126" lon="-81.76973">
    <name>TP1997</name>
  </trkpt>
  <trkpt lat="36.12135" lon="-81.76974">
    <name>TP1998</name>
  </trkpt>
  <trkpt lat="36.12138" lon="-81.76974">
    <name>TP1999</name>
  </trkpt>
  <trkpt lat="36.12149" lon="-81.76973">
    <name>TP2000</name>
  </trkpt>
  <trkpt lat="36.12153" lon="-81.76971">
    <name>TP2001</name>
  </trkpt>
  <trkpt lat="36.12165" lon="-81.76966">
    <name>TP2002</name>
  </trkpt>
  <trkpt lat="36.1217" lon="-81.76966">
    <name>TP2003</name>
  </trkpt>
  <trkpt lat="36.12176" lon="-81.76966">
    <name>TP2004</name>
  </trkpt>
  <trkpt lat="36.12188" lon="-81.76969">
    <name>TP2005</name>
  </trkpt>
  <trkpt lat="36.12192" lon="-81.7697">
    <name>TP2006</name>
  </trkpt>
  <trkpt lat="36.12215" lon="-81.7698">
    <name>TP2007</name>
  </trkpt>
  <trkpt lat="36.12222" lon="-81.76983">
    <name>TP2008</name>
  </trkpt>
  <trkpt lat="36.12238" lon="-81.76989">
    <name>TP2009</name>
  </trkpt>
  <trkpt lat="36.1224" lon="-81.76989">
    <name>TP2010</name>
  </trkpt>
  <trkpt lat="36.12258" lon="-81.76991">
    <name>TP2011</name>
  </trkpt>
  <trkpt lat="36.12263" lon="-81.76991">
    <name>TP2012</name>
  </trkpt>
  <trkpt lat="36.12275" lon="-81.76994">
    <name>TP2013</name>
  </trkpt>
  <trkpt lat="36.12287" lon="-81.76996">
    <name>TP2014</name>
  </trkpt>
  <trkpt lat="36.12307" lon="-81.76991">
    <name>TP2015</name>
  </trkpt>
  <trkpt lat="36.12311" lon="-81.76989">
    <name>TP2016</name>
  </trkpt>
  <trkpt lat="36.12315" lon="-81.76986">
    <name>TP2017</name>
  </trkpt>
  <trkpt lat="36.12321" lon="-81.76982">
    <name>TP2018</name>
  </trkpt>
  <trkpt lat="36.12323" lon="-81.76977">
    <name>TP2019</name>
  </trkpt>
  <trkpt lat="36.1233" lon="-81.76953">
    <name>TP2020</name>
  </trkpt>
  <trkpt lat="36.12331" lon="-81.76949">
    <name>TP2021</name>
  </trkpt>
  <trkpt lat="36.1234" lon="-81.76925">
    <name>TP2022</name>
  </trkpt>
  <trkpt lat="36.12345" lon="-81.76913">
    <name>TP2023</name>
  </trkpt>
  <trkpt lat="36.12349" lon="-81.76905">
    <name>TP2024</name>
  </trkpt>
  <trkpt lat="36.12358" lon="-81.76888">
    <name>TP2025</name>
  </trkpt>
  <trkpt lat="36.12368" lon="-81.76871">
    <name>TP2026</name>
  </trkpt>
  <trkpt lat="36.12377" lon="-81.7686">
    <name>TP2027</name>
  </trkpt>
  <trkpt lat="36.12378" lon="-81.76859">
    <name>TP2028</name>
  </trkpt>
  <trkpt lat="36.12397" lon="-81.7684">
    <name>TP2029</name>
  </trkpt>
  <trkpt lat="36.12416" lon="-81.76823">
    <name>TP2030</name>
  </trkpt>
  <trkpt lat="36.12429" lon="-81.7681">
    <name>TP2031</name>
  </trkpt>
  <trkpt lat="36.12433" lon="-81.76804">
    <name>TP2032</name>
  </trkpt>
  <trkpt lat="36.12443" lon="-81.76792">
    <name>TP2033</name>
  </trkpt>
  <trkpt lat="36.12446" lon="-81.76788">
    <name>TP2034</name>
  </trkpt>
  <trkpt lat="36.12448" lon="-81.76784">
    <name>TP2035</name>
  </trkpt>
  <trkpt lat="36.12451" lon="-81.76773">
    <name>TP2036</name>
  </trkpt>
  <trkpt lat="36.12452" lon="-81.76764">
    <name>TP2037</name>
  </trkpt>
  <trkpt lat="36.12451" lon="-81.76743">
    <name>TP2038</name>
  </trkpt>
  <trkpt lat="36.12449" lon="-81.7673">
    <name>TP2039</name>
  </trkpt>
  <trkpt lat="36.12448" lon="-81.76721">
    <name>TP2040</name>
  </trkpt>
  <trkpt lat="36.12449" lon="-81.76713">
    <name>TP2041</name>
  </trkpt>
  <trkpt lat="36.12451" lon="-81.76707">
    <name>TP2042</name>
  </trkpt>
  <trkpt lat="36.12453" lon="-81.76702">
    <name>TP2043</name>
  </trkpt>
  <trkpt lat="36.12455" lon="-81.76696">
    <name>TP2044</name>
  </trkpt>
  <trkpt lat="36.12459" lon="-81.76685">
    <name>TP2045</name>
  </trkpt>
  <trkpt lat="36.1246" lon="-81.76681">
    <name>TP2046</name>
  </trkpt>
  <trkpt lat="36.1246" lon="-81.76678">
    <name>TP2047</name>
  </trkpt>
  <trkpt lat="36.12462" lon="-81.7667">
    <name>TP2048</name>
  </trkpt>
  <trkpt lat="36.12463" lon="-81.76642">
    <name>TP2049</name>
  </trkpt>
  <trkpt lat="36.12463" lon="-81.76637">
    <name>TP2050</name>
  </trkpt>
  <trkpt lat="36.12464" lon="-81.76628">
    <name>TP2051</name>
  </trkpt>
  <trkpt lat="36.12466" lon="-81.76617">
    <name>TP2052</name>
  </trkpt>
  <trkpt lat="36.12467" lon="-81.76615">
    <name>TP2053</name>
  </trkpt>
  <trkpt lat="36.12471" lon="-81.76594">
    <name>TP2054</name>
  </trkpt>
  <trkpt lat="36.12474" lon="-81.76579">
    <name>TP2055</name>
  </trkpt>
  <trkpt lat="36.12475" lon="-81.76572">
    <name>TP2056</name>
  </trkpt>
  <trkpt lat="36.12476" lon="-81.76564">
    <name>TP2057</name>
  </trkpt>
  <trkpt lat="36.12477" lon="-81.76555">
    <name>TP2058</name>
  </trkpt>
  <trkpt lat="36.12478" lon="-81.76528">
    <name>TP2059</name>
  </trkpt>
  <trkpt lat="36.12478" lon="-81.76527">
    <name>TP2060</name>
  </trkpt>
  <trkpt lat="36.12478" lon="-81.76506">
    <name>TP2061</name>
  </trkpt>
  <trkpt lat="36.12479" lon="-81.76505">
    <name>TP2062</name>
  </trkpt>
  <trkpt lat="36.1248" lon="-81.76499">
    <name>TP2063</name>
  </trkpt>
  <trkpt lat="36.12483" lon="-81.76484">
    <name>TP2064</name>
  </trkpt>
  <trkpt lat="36.12486" lon="-81.76473">
    <name>TP2065</name>
  </trkpt>
  <trkpt lat="36.12492" lon="-81.76461">
    <name>TP2066</name>
  </trkpt>
  <trkpt lat="36.12499" lon="-81.76454">
    <name>TP2067</name>
  </trkpt>
  <trkpt lat="36.12504" lon="-81.76449">
    <name>TP2068</name>
  </trkpt>
  <trkpt lat="36.12512" lon="-81.7644">
    <name>TP2069</name>
  </trkpt>
  <trkpt lat="36.12517" lon="-81.76436">
    <name>TP2070</name>
  </trkpt>
  <trkpt lat="36.12518" lon="-81.76435">
    <name>TP2071</name>
  </trkpt>
  <trkpt lat="36.12521" lon="-81.76431">
    <name>TP2072</name>
  </trkpt>
  <trkpt lat="36.12524" lon="-81.76425">
    <name>TP2073</name>
  </trkpt>
  <trkpt lat="36.12527" lon="-81.7642">
    <name>TP2074</name>
  </trkpt>
  <trkpt lat="36.12531" lon="-81.76412">
    <name>TP2075</name>
  </trkpt>
  <trkpt lat="36.12535" lon="-81.76403">
    <name>TP2076</name>
  </trkpt>
  <trkpt lat="36.12538" lon="-81.76394">
    <name>TP2077</name>
  </trkpt>
  <trkpt lat="36.12541" lon="-81.76384">
    <name>TP2078</name>
  </trkpt>
  <trkpt lat="36.12543" lon="-81.76377">
    <name>TP2079</name>
  </trkpt>
  <trkpt lat="36.12545" lon="-81.76373">
    <name>TP2080</name>
  </trkpt>
  <trkpt lat="36.12548" lon="-81.76366">
    <name>TP2081</name>
  </trkpt>
  <trkpt lat="36.12554" lon="-81.76359">
    <name>TP2082</name>
  </trkpt>
  <trkpt lat="36.12558" lon="-81.76356">
    <name>TP2083</name>
  </trkpt>
  <trkpt lat="36.12564" lon="-81.76355">
    <name>TP2084</name>
  </trkpt>
  <trkpt lat="36.12568" lon="-81.76354">
    <name>TP2085</name>
  </trkpt>
  <trkpt lat="36.12571" lon="-81.76353">
    <name>TP2086</name>
  </trkpt>
  <trkpt lat="36.12573" lon="-81.76354">
    <name>TP2087</name>
  </trkpt>
  <trkpt lat="36.12576" lon="-81.76355">
    <name>TP2088</name>
  </trkpt>
  <trkpt lat="36.12579" lon="-81.76357">
    <name>TP2089</name>
  </trkpt>
  <trkpt lat="36.12581" lon="-81.76358">
    <name>TP2090</name>
  </trkpt>
  <trkpt lat="36.12583" lon="-81.7636">
    <name>TP2091</name>
  </trkpt>
  <trkpt lat="36.12586" lon="-81.7636">
    <name>TP2092</name>
  </trkpt>
  <trkpt lat="36.12587" lon="-81.76361">
    <name>TP2093</name>
  </trkpt>
  <trkpt lat="36.12589" lon="-81.76361">
    <name>TP2094</name>
  </trkpt>
  <trkpt lat="36.12592" lon="-81.76361">
    <name>TP2095</name>
  </trkpt>
  <trkpt lat="36.12594" lon="-81.76361">
    <name>TP2096</name>
  </trkpt>
  <trkpt lat="36.12596" lon="-81.76361">
    <name>TP2097</name>
  </trkpt>
  <trkpt lat="36.12598" lon="-81.76361">
    <name>TP2098</name>
  </trkpt>
  <trkpt lat="36.12601" lon="-81.76359">
    <name>TP2099</name>
  </trkpt>
  <trkpt lat="36.12602" lon="-81.76356">
    <name>TP2100</name>
  </trkpt>
  <trkpt lat="36.12602" lon="-81.76354">
    <name>TP2101</name>
  </trkpt>
  <trkpt lat="36.12602" lon="-81.76353">
    <name>TP2102</name>
  </trkpt>
  <trkpt lat="36.12602" lon="-81.76351">
    <name>TP2103</name>
  </trkpt>
  <trkpt lat="36.12601" lon="-81.76347">
    <name>TP2104</name>
  </trkpt>
  <trkpt lat="36.12599" lon="-81.76342">
    <name>TP2105</name>
  </trkpt>
  <trkpt lat="36.12596" lon="-81.76337">
    <name>TP2106</name>
  </trkpt>
  <trkpt lat="36.12594" lon="-81.76335">
    <name>TP2107</name>
  </trkpt>
  <trkpt lat="36.12592" lon="-81.76331">
    <name>TP2108</name>
  </trkpt>
  <trkpt lat="36.12583" lon="-81.76324">
    <name>TP2109</name>
  </trkpt>
  <trkpt lat="36.12577" lon="-81.76318">
    <name>TP2110</name>
  </trkpt>
  <trkpt lat="36.12574" lon="-81.76313">
    <name>TP2111</name>
  </trkpt>
  <trkpt lat="36.12571" lon="-81.76305">
    <name>TP2112</name>
  </trkpt>
  <trkpt lat="36.12571" lon="-81.76303">
    <name>TP2113</name>
  </trkpt>
  <trkpt lat="36.1257" lon="-81.76299">
    <name>TP2114</name>
  </trkpt>
  <trkpt lat="36.12569" lon="-81.76291">
    <name>TP2115</name>
  </trkpt>
  <trkpt lat="36.1257" lon="-81.76281">
    <name>TP2116</name>
  </trkpt>
  <trkpt lat="36.12571" lon="-81.76274">
    <name>TP2117</name>
  </trkpt>
  <trkpt lat="36.12573" lon="-81.76262">
    <name>TP2118</name>
  </trkpt>
  <trkpt lat="36.12573" lon="-81.76259">
    <name>TP2119</name>
  </trkpt>
  <trkpt lat="36.12573" lon="-81.76255">
    <name>TP2120</name>
  </trkpt>
  <trkpt lat="36.12573" lon="-81.76241">
    <name>TP2121</name>
  </trkpt>
  <trkpt lat="36.12572" lon="-81.76237">
    <name>TP2122</name>
  </trkpt>
  <trkpt lat="36.1257" lon="-81.76227">
    <name>TP2123</name>
  </trkpt>
  <trkpt lat="36.12569" lon="-81.76215">
    <name>TP2124</name>
  </trkpt>
  <trkpt lat="36.12569" lon="-81.76214">
    <name>TP2125</name>
  </trkpt>
  <trkpt lat="36.12568" lon="-81.76208">
    <name>TP2126</name>
  </trkpt>
  <trkpt lat="36.12568" lon="-81.76195">
    <name>TP2127</name>
  </trkpt>
  <trkpt lat="36.12568" lon="-81.76193">
    <name>TP2128</name>
  </trkpt>
  <trkpt lat="36.1257" lon="-81.76186">
    <name>TP2129</name>
  </trkpt>
  <trkpt lat="36.12572" lon="-81.76181">
    <name>TP2130</name>
  </trkpt>
  <trkpt lat="36.12575" lon="-81.76176">
    <name>TP2131</name>
  </trkpt>
  <trkpt lat="36.12576" lon="-81.76173">
    <name>TP2132</name>
  </trkpt>
  <trkpt lat="36.12578" lon="-81.76171">
    <name>TP2133</name>
  </trkpt>
  <trkpt lat="36.12583" lon="-81.76166">
    <name>TP2134</name>
  </trkpt>
  <trkpt lat="36.12586" lon="-81.76163">
    <name>TP2135</name>
  </trkpt>
  <trkpt lat="36.12591" lon="-81.76161">
    <name>TP2136</name>
  </trkpt>
  <trkpt lat="36.12592" lon="-81.76161">
    <name>TP2137</name>
  </trkpt>
  <trkpt lat="36.12595" lon="-81.76159">
    <name>TP2138</name>
  </trkpt>
  <trkpt lat="36.12599" lon="-81.76158">
    <name>TP2139</name>
  </trkpt>
  <trkpt lat="36.12602" lon="-81.76157">
    <name>TP2140</name>
  </trkpt>
  <trkpt lat="36.12606" lon="-81.76157">
    <name>TP2141</name>
  </trkpt>
  <trkpt lat="36.12609" lon="-81.76157">
    <name>TP2142</name>
  </trkpt>
  <trkpt lat="36.12611" lon="-81.76157">
    <name>TP2143</name>
  </trkpt>
  <trkpt lat="36.12612" lon="-81.76157">
    <name>TP2144</name>
  </trkpt>
  <trkpt lat="36.12613" lon="-81.76158">
    <name>TP2145</name>
  </trkpt>
  <trkpt lat="36.12615" lon="-81.7616">
    <name>TP2146</name>
  </trkpt>
  <trkpt lat="36.12618" lon="-81.76163">
    <name>TP2147</name>
  </trkpt>
  <trkpt lat="36.12623" lon="-81.76169">
    <name>TP2148</name>
  </trkpt>
  <trkpt lat="36.12623" lon="-81.7617">
    <name>TP2149</name>
  </trkpt>
  <trkpt lat="36.12627" lon="-81.76175">
    <name>TP2150</name>
  </trkpt>
  <trkpt lat="36.1263" lon="-81.76177">
    <name>TP2151</name>
  </trkpt>
  <trkpt lat="36.12633" lon="-81.76179">
    <name>TP2152</name>
  </trkpt>
  <trkpt lat="36.12637" lon="-81.76182">
    <name>TP2153</name>
  </trkpt>
  <trkpt lat="36.12638" lon="-81.76183">
    <name>TP2154</name>
  </trkpt>
  <trkpt lat="36.12642" lon="-81.76185">
    <name>TP2155</name>
  </trkpt>
  <trkpt lat="36.12645" lon="-81.76187">
    <name>TP2156</name>
  </trkpt>
  <trkpt lat="36.12647" lon="-81.76188">
    <name>TP2157</name>
  </trkpt>
  <trkpt lat="36.1265" lon="-81.76187">
    <name>TP2158</name>
  </trkpt>
  <trkpt lat="36.12653" lon="-81.76186">
    <name>TP2159</name>
  </trkpt>
  <trkpt lat="36.12654" lon="-81.76186">
    <name>TP2160</name>
  </trkpt>
  <trkpt lat="36.12656" lon="-81.76185">
    <name>TP2161</name>
  </trkpt>
  <trkpt lat="36.12658" lon="-81.76183">
    <name>TP2162</name>
  </trkpt>
  <trkpt lat="36.12659" lon="-81.76181">
    <name>TP2163</name>
  </trkpt>
  <trkpt lat="36.1266" lon="-81.76178">
    <name>TP2164</name>
  </trkpt>
  <trkpt lat="36.12661" lon="-81.76174">
    <name>TP2165</name>
  </trkpt>
  <trkpt lat="36.12661" lon="-81.76172">
    <name>TP2166</name>
  </trkpt>
  <trkpt lat="36.1266" lon="-81.7617">
    <name>TP2167</name>
  </trkpt>
  <trkpt lat="36.1266" lon="-81.76167">
    <name>TP2168</name>
  </trkpt>
  <trkpt lat="36.12658" lon="-81.76159">
    <name>TP2169</name>
  </trkpt>
  <trkpt lat="36.12655" lon="-81.7614">
    <name>TP2170</name>
  </trkpt>
  <trkpt lat="36.12653" lon="-81.76123">
    <name>TP2171</name>
  </trkpt>
  <trkpt lat="36.12652" lon="-81.76116">
    <name>TP2172</name>
  </trkpt>
  <trkpt lat="36.1265" lon="-81.76101">
    <name>TP2173</name>
  </trkpt>
  <trkpt lat="36.1265" lon="-81.76097">
    <name>TP2174</name>
  </trkpt>
  <trkpt lat="36.12647" lon="-81.7608">
    <name>TP2175</name>
  </trkpt>
  <trkpt lat="36.12647" lon="-81.76079">
    <name>TP2176</name>
  </trkpt>
  <trkpt lat="36.12642" lon="-81.76059">
    <name>TP2177</name>
  </trkpt>
  <trkpt lat="36.12639" lon="-81.76037">
    <name>TP2178</name>
  </trkpt>
  <trkpt lat="36.12639" lon="-81.76024">
    <name>TP2179</name>
  </trkpt>
  <trkpt lat="36.1264" lon="-81.76012">
    <name>TP2180</name>
  </trkpt>
  <trkpt lat="36.12643" lon="-81.76">
    <name>TP2181</name>
  </trkpt>
  <trkpt lat="36.12644" lon="-81.75993">
    <name>TP2182</name>
  </trkpt>
  <trkpt lat="36.12647" lon="-81.75975">
    <name>TP2183</name>
  </trkpt>
  <trkpt lat="36.12647" lon="-81.75971">
    <name>TP2184</name>
  </trkpt>
  <trkpt lat="36.12647" lon="-81.75953">
    <name>TP2185</name>
  </trkpt>
  <trkpt lat="36.12647" lon="-81.75948">
    <name>TP2186</name>
  </trkpt>
  <trkpt lat="36.12645" lon="-81.75932">
    <name>TP2187</name>
  </trkpt>
  <trkpt lat="36.12645" lon="-81.75926">
    <name>TP2188</name>
  </trkpt>
  <trkpt lat="36.12645" lon="-81.7592">
    <name>TP2189</name>
  </trkpt>
  <trkpt lat="36.12645" lon="-81.75914">
    <name>TP2190</name>
  </trkpt>
  <trkpt lat="36.12647" lon="-81.75907">
    <name>TP2191</name>
  </trkpt>
  <trkpt lat="36.12648" lon="-81.75905">
    <name>TP2192</name>
  </trkpt>
  <trkpt lat="36.12649" lon="-81.75902">
    <name>TP2193</name>
  </trkpt>
  <trkpt lat="36.12652" lon="-81.75897">
    <name>TP2194</name>
  </trkpt>
  <trkpt lat="36.12654" lon="-81.75894">
    <name>TP2195</name>
  </trkpt>
  <trkpt lat="36.12657" lon="-81.75892">
    <name>TP2196</name>
  </trkpt>
  <trkpt lat="36.12661" lon="-81.75888">
    <name>TP2197</name>
  </trkpt>
  <trkpt lat="36.12667" lon="-81.75885">
    <name>TP2198</name>
  </trkpt>
  <trkpt lat="36.12682" lon="-81.75884">
    <name>TP2199</name>
  </trkpt>
  <trkpt lat="36.12695" lon="-81.75881">
    <name>TP2200</name>
  </trkpt>
  <trkpt lat="36.12699" lon="-81.7588">
    <name>TP2201</name>
  </trkpt>
  <trkpt lat="36.12705" lon="-81.75879">
    <name>TP2202</name>
  </trkpt>
  <trkpt lat="36.12712" lon="-81.75879">
    <name>TP2203</name>
  </trkpt>
  <trkpt lat="36.12713" lon="-81.7588">
    <name>TP2204</name>
  </trkpt>
  <trkpt lat="36.12721" lon="-81.75881">
    <name>TP2205</name>
  </trkpt>
  <trkpt lat="36.12727" lon="-81.75883">
    <name>TP2206</name>
  </trkpt>
  <trkpt lat="36.12731" lon="-81.75885">
    <name>TP2207</name>
  </trkpt>
  <trkpt lat="36.1274" lon="-81.75891">
    <name>TP2208</name>
  </trkpt>
  <trkpt lat="36.12747" lon="-81.75893">
    <name>TP2209</name>
  </trkpt>
  <trkpt lat="36.12748" lon="-81.75894">
    <name>TP2210</name>
  </trkpt>
  <trkpt lat="36.12757" lon="-81.75895">
    <name>TP2211</name>
  </trkpt>
  <trkpt lat="36.12765" lon="-81.75895">
    <name>TP2212</name>
  </trkpt>
  <trkpt lat="36.1276522" lon="-81.7589527">
    <name>TP2213</name>
  </trkpt>
  <trkpt lat="36.12769" lon="-81.75906">
    <name>TP2214</name>
  </trkpt>
  <trkpt lat="36.12775" lon="-81.75923">
    <name>TP2215</name>
  </trkpt>
  <trkpt lat="36.12781" lon="-81.75938">
    <name>TP2216</name>
  </trkpt>
  <trkpt lat="36.12788" lon="-81.75952">
    <name>TP2217</name>
  </trkpt>
  <trkpt lat="36.12793" lon="-81.75961">
    <name>TP2218</name>
  </trkpt>
  <trkpt lat="36.128" lon="-81.75976">
    <name>TP2219</name>
  </trkpt>
  <trkpt lat="36.12814" lon="-81.75995">
    <name>TP2220</name>
  </trkpt>
  <trkpt lat="36.12824" lon="-81.76009">
    <name>TP2221</name>
  </trkpt>
  <trkpt lat="36.12828" lon="-81.76015">
    <name>TP2222</name>
  </trkpt>
  <trkpt lat="36.12841" lon="-81.76032">
    <name>TP2223</name>
  </trkpt>
  <trkpt lat="36.1285" lon="-81.7604">
    <name>TP2224</name>
  </trkpt>
  <trkpt lat="36.12855" lon="-81.76046">
    <name>TP2225</name>
  </trkpt>
  <trkpt lat="36.12863" lon="-81.76054">
    <name>TP2226</name>
  </trkpt>
  <trkpt lat="36.12863" lon="-81.76055">
    <name>TP2227</name>
  </trkpt>
  <trkpt lat="36.1287" lon="-81.76061">
    <name>TP2228</name>
  </trkpt>
  <trkpt lat="36.12879" lon="-81.76069">
    <name>TP2229</name>
  </trkpt>
  <trkpt lat="36.12897" lon="-81.76083">
    <name>TP2230</name>
  </trkpt>
  <trkpt lat="36.12913" lon="-81.76093">
    <name>TP2231</name>
  </trkpt>
  <trkpt lat="36.12945" lon="-81.76114">
    <name>TP2232</name>
  </trkpt>
  <trkpt lat="36.12961" lon="-81.76124">
    <name>TP2233</name>
  </trkpt>
  <trkpt lat="36.12972" lon="-81.7613">
    <name>TP2234</name>
  </trkpt>
  <trkpt lat="36.12977" lon="-81.76134">
    <name>TP2235</name>
  </trkpt>
  <trkpt lat="36.12987" lon="-81.7614">
    <name>TP2236</name>
  </trkpt>
  <trkpt lat="36.12992" lon="-81.76143">
    <name>TP2237</name>
  </trkpt>
  <trkpt lat="36.12999" lon="-81.76147">
    <name>TP2238</name>
  </trkpt>
  <trkpt lat="36.13009" lon="-81.76153">
    <name>TP2239</name>
  </trkpt>
  <trkpt lat="36.13019" lon="-81.7616">
    <name>TP2240</name>
  </trkpt>
  <trkpt lat="36.13041" lon="-81.76173">
    <name>TP2241</name>
  </trkpt>
  <trkpt lat="36.13053" lon="-81.76181">
    <name>TP2242</name>
  </trkpt>
  <trkpt lat="36.13069" lon="-81.76191">
    <name>TP2243</name>
  </trkpt>
  <trkpt lat="36.13075" lon="-81.76195">
    <name>TP2244</name>
  </trkpt>
  <trkpt lat="36.13085" lon="-81.76201">
    <name>TP2245</name>
  </trkpt>
  <trkpt lat="36.13092" lon="-81.76206">
    <name>TP2246</name>
  </trkpt>
  <trkpt lat="36.13102" lon="-81.76211">
    <name>TP2247</name>
  </trkpt>
  <trkpt lat="36.13117" lon="-81.76222">
    <name>TP2248</name>
  </trkpt>
  <trkpt lat="36.13122" lon="-81.76224">
    <name>TP2249</name>
  </trkpt>
  <trkpt lat="36.13135" lon="-81.76232">
    <name>TP2250</name>
  </trkpt>
  <trkpt lat="36.13138" lon="-81.76233">
    <name>TP2251</name>
  </trkpt>
  <trkpt lat="36.1314" lon="-81.76234">
    <name>TP2252</name>
  </trkpt>
  <trkpt lat="36.13142" lon="-81.76235">
    <name>TP2253</name>
  </trkpt>
  <trkpt lat="36.1315" lon="-81.76238">
    <name>TP2254</name>
  </trkpt>
  <trkpt lat="36.13151" lon="-81.76238">
    <name>TP2255</name>
  </trkpt>
  <trkpt lat="36.13156" lon="-81.76239">
    <name>TP2256</name>
  </trkpt>
  <trkpt lat="36.1316" lon="-81.7624">
    <name>TP2257</name>
  </trkpt>
  <trkpt lat="36.13183" lon="-81.76243">
    <name>TP2258</name>
  </trkpt>
  <trkpt lat="36.13188" lon="-81.76243">
    <name>TP2259</name>
  </trkpt>
  <trkpt lat="36.13202" lon="-81.76244">
    <name>TP2260</name>
  </trkpt>
  <trkpt lat="36.13206" lon="-81.76245">
    <name>TP2261</name>
  </trkpt>
  <trkpt lat="36.13216" lon="-81.76247">
    <name>TP2262</name>
  </trkpt>
  <trkpt lat="36.13224" lon="-81.76249">
    <name>TP2263</name>
  </trkpt>
  <trkpt lat="36.13231" lon="-81.76251">
    <name>TP2264</name>
  </trkpt>
  <trkpt lat="36.13237" lon="-81.76253">
    <name>TP2265</name>
  </trkpt>
  <trkpt lat="36.1324" lon="-81.76254">
    <name>TP2266</name>
  </trkpt>
  <trkpt lat="36.13241" lon="-81.76255">
    <name>TP2267</name>
  </trkpt>
  <trkpt lat="36.13254" lon="-81.76261">
    <name>TP2268</name>
  </trkpt>
  <trkpt lat="36.13257" lon="-81.76263">
    <name>TP2269</name>
  </trkpt>
  <trkpt lat="36.13262" lon="-81.76265">
    <name>TP2270</name>
  </trkpt>
  <trkpt lat="36.13271" lon="-81.76269">
    <name>TP2271</name>
  </trkpt>
  <trkpt lat="36.13272" lon="-81.76269">
    <name>TP2272</name>
  </trkpt>
  <trkpt lat="36.13275" lon="-81.7627">
    <name>TP2273</name>
  </trkpt>
  <trkpt lat="36.1328" lon="-81.7627">
    <name>TP2274</name>
  </trkpt>
  <trkpt lat="36.13285" lon="-81.7627">
    <name>TP2275</name>
  </trkpt>
  <trkpt lat="36.13289" lon="-81.7627">
    <name>TP2276</name>
  </trkpt>
  <trkpt lat="36.13292" lon="-81.76269">
    <name>TP2277</name>
  </trkpt>
  <trkpt lat="36.13304" lon="-81.76265">
    <name>TP2278</name>
  </trkpt>
  <trkpt lat="36.13306" lon="-81.76264">
    <name>TP2279</name>
  </trkpt>
  <trkpt lat="36.1331" lon="-81.76262">
    <name>TP2280</name>
  </trkpt>
  <trkpt lat="36.13317" lon="-81.76259">
    <name>TP2281</name>
  </trkpt>
  <trkpt lat="36.13322" lon="-81.76258">
    <name>TP2282</name>
  </trkpt>
  <trkpt lat="36.13326" lon="-81.76258">
    <name>TP2283</name>
  </trkpt>
  <trkpt lat="36.13329" lon="-81.76259">
    <name>TP2284</name>
  </trkpt>
  <trkpt lat="36.13332" lon="-81.76261">
    <name>TP2285</name>
  </trkpt>
  <trkpt lat="36.13336" lon="-81.76265">
    <name>TP2286</name>
  </trkpt>
  <trkpt lat="36.13338" lon="-81.7627">
    <name>TP2287</name>
  </trkpt>
  <trkpt lat="36.13341" lon="-81.76282">
    <name>TP2288</name>
  </trkpt>
  <trkpt lat="36.13343" lon="-81.76287">
    <name>TP2289</name>
  </trkpt>
  <trkpt lat="36.13344" lon="-81.7629">
    <name>TP2290</name>
  </trkpt>
  <trkpt lat="36.13345" lon="-81.76292">
    <name>TP2291</name>
  </trkpt>
  <trkpt lat="36.13346" lon="-81.76293">
    <name>TP2292</name>
  </trkpt>
  <trkpt lat="36.13348" lon="-81.76297">
    <name>TP2293</name>
  </trkpt>
  <trkpt lat="36.13357" lon="-81.76306">
    <name>TP2294</name>
  </trkpt>
  <trkpt lat="36.13359" lon="-81.76309">
    <name>TP2295</name>
  </trkpt>
  <trkpt lat="36.13364" lon="-81.76313">
    <name>TP2296</name>
  </trkpt>
  <trkpt lat="36.13374" lon="-81.76321">
    <name>TP2297</name>
  </trkpt>
  <trkpt lat="36.13379" lon="-81.76324">
    <name>TP2298</name>
  </trkpt>
  <trkpt lat="36.13387" lon="-81.7633">
    <name>TP2299</name>
  </trkpt>
  <trkpt lat="36.1339" lon="-81.76332">
    <name>TP2300</name>
  </trkpt>
  <trkpt lat="36.13392" lon="-81.76333">
    <name>TP2301</name>
  </trkpt>
  <trkpt lat="36.13399" lon="-81.76339">
    <name>TP2302</name>
  </trkpt>
  <trkpt lat="36.13402" lon="-81.76342">
    <name>TP2303</name>
  </trkpt>
  <trkpt lat="36.13404" lon="-81.76345">
    <name>TP2304</name>
  </trkpt>
  <trkpt lat="36.13406" lon="-81.76347">
    <name>TP2305</name>
  </trkpt>
  <trkpt lat="36.13412" lon="-81.76353">
    <name>TP2306</name>
  </trkpt>
  <trkpt lat="36.13418" lon="-81.76361">
    <name>TP2307</name>
  </trkpt>
  <trkpt lat="36.13429" lon="-81.76377">
    <name>TP2308</name>
  </trkpt>
  <trkpt lat="36.13431" lon="-81.76381">
    <name>TP2309</name>
  </trkpt>
  <trkpt lat="36.13434" lon="-81.76385">
    <name>TP2310</name>
  </trkpt>
  <trkpt lat="36.13439" lon="-81.76389">
    <name>TP2311</name>
  </trkpt>
  <trkpt lat="36.13444" lon="-81.7639">
    <name>TP2312</name>
  </trkpt>
  <trkpt lat="36.13447" lon="-81.76391">
    <name>TP2313</name>
  </trkpt>
  <trkpt lat="36.13458" lon="-81.7639">
    <name>TP2314</name>
  </trkpt>
  <trkpt lat="36.13461" lon="-81.76391">
    <name>TP2315</name>
  </trkpt>
  <trkpt lat="36.13463" lon="-81.76391">
    <name>TP2316</name>
  </trkpt>
  <trkpt lat="36.13468" lon="-81.76391">
    <name>TP2317</name>
  </trkpt>
  <trkpt lat="36.13475" lon="-81.76394">
    <name>TP2318</name>
  </trkpt>
  <trkpt lat="36.13478" lon="-81.76396">
    <name>TP2319</name>
  </trkpt>
  <trkpt lat="36.1348" lon="-81.76397">
    <name>TP2320</name>
  </trkpt>
  <trkpt lat="36.13489" lon="-81.76404">
    <name>TP2321</name>
  </trkpt>
  <trkpt lat="36.1349" lon="-81.76406">
    <name>TP2322</name>
  </trkpt>
  <trkpt lat="36.13492" lon="-81.76408">
    <name>TP2323</name>
  </trkpt>
  <trkpt lat="36.13493" lon="-81.76409">
    <name>TP2324</name>
  </trkpt>
  <trkpt lat="36.13503" lon="-81.76419">
    <name>TP2325</name>
  </trkpt>
  <trkpt lat="36.13504" lon="-81.76421">
    <name>TP2326</name>
  </trkpt>
  <trkpt lat="36.13506" lon="-81.76424">
    <name>TP2327</name>
  </trkpt>
  <trkpt lat="36.13516" lon="-81.76437">
    <name>TP2328</name>
  </trkpt>
  <trkpt lat="36.13518" lon="-81.7644">
    <name>TP2329</name>
  </trkpt>
  <trkpt lat="36.13518" lon="-81.76441">
    <name>TP2330</name>
  </trkpt>
  <trkpt lat="36.13522" lon="-81.76446">
    <name>TP2331</name>
  </trkpt>
  <trkpt lat="36.13529" lon="-81.76454">
    <name>TP2332</name>
  </trkpt>
  <trkpt lat="36.13531" lon="-81.76456">
    <name>TP2333</name>
  </trkpt>
  <trkpt lat="36.13536" lon="-81.76461">
    <name>TP2334</name>
  </trkpt>
  <trkpt lat="36.13545" lon="-81.76466">
    <name>TP2335</name>
  </trkpt>
  <trkpt lat="36.13546" lon="-81.76467">
    <name>TP2336</name>
  </trkpt>
  <trkpt lat="36.13552" lon="-81.7647">
    <name>TP2337</name>
  </trkpt>
  <trkpt lat="36.13561" lon="-81.76472">
    <name>TP2338</name>
  </trkpt>
  <trkpt lat="36.13564" lon="-81.76472">
    <name>TP2339</name>
  </trkpt>
  <trkpt lat="36.1357" lon="-81.76471">
    <name>TP2340</name>
  </trkpt>
  <trkpt lat="36.13582" lon="-81.76469">
    <name>TP2341</name>
  </trkpt>
  <trkpt lat="36.13617" lon="-81.76463">
    <name>TP2342</name>
  </trkpt>
  <trkpt lat="36.1363" lon="-81.76461">
    <name>TP2343</name>
  </trkpt>
  <trkpt lat="36.13639" lon="-81.76457">
    <name>TP2344</name>
  </trkpt>
  <trkpt lat="36.13646" lon="-81.76452">
    <name>TP2345</name>
  </trkpt>
  <trkpt lat="36.13655" lon="-81.76444">
    <name>TP2346</name>
  </trkpt>
  <trkpt lat="36.13673" lon="-81.7642">
    <name>TP2347</name>
  </trkpt>
  <trkpt lat="36.13676" lon="-81.76416">
    <name>TP2348</name>
  </trkpt>
  <trkpt lat="36.13682" lon="-81.76408">
    <name>TP2349</name>
  </trkpt>
  <trkpt lat="36.13686" lon="-81.76399">
    <name>TP2350</name>
  </trkpt>
  <trkpt lat="36.13688" lon="-81.76395">
    <name>TP2351</name>
  </trkpt>
  <trkpt lat="36.13693" lon="-81.7638">
    <name>TP2352</name>
  </trkpt>
  <trkpt lat="36.13698" lon="-81.76356">
    <name>TP2353</name>
  </trkpt>
  <trkpt lat="36.13702" lon="-81.76335">
    <name>TP2354</name>
  </trkpt>
  <trkpt lat="36.13703" lon="-81.7633">
    <name>TP2355</name>
  </trkpt>
  <trkpt lat="36.13706" lon="-81.76318">
    <name>TP2356</name>
  </trkpt>
  <trkpt lat="36.13711" lon="-81.76303">
    <name>TP2357</name>
  </trkpt>
  <trkpt lat="36.13722" lon="-81.76287">
    <name>TP2358</name>
  </trkpt>
  <trkpt lat="36.13731" lon="-81.76272">
    <name>TP2359</name>
  </trkpt>
  <trkpt lat="36.13737" lon="-81.76258">
    <name>TP2360</name>
  </trkpt>
  <trkpt lat="36.13738" lon="-81.76255">
    <name>TP2361</name>
  </trkpt>
  <trkpt lat="36.1374" lon="-81.76248">
    <name>TP2362</name>
  </trkpt>
  <trkpt lat="36.13741" lon="-81.76241">
    <name>TP2363</name>
  </trkpt>
  <trkpt lat="36.1374" lon="-81.76237">
    <name>TP2364</name>
  </trkpt>
  <trkpt lat="36.1374" lon="-81.76235">
    <name>TP2365</name>
  </trkpt>
  <trkpt lat="36.13739" lon="-81.76231">
    <name>TP2366</name>
  </trkpt>
  <trkpt lat="36.13737" lon="-81.76226">
    <name>TP2367</name>
  </trkpt>
  <trkpt lat="36.13735" lon="-81.76222">
    <name>TP2368</name>
  </trkpt>
  <trkpt lat="36.13733" lon="-81.76219">
    <name>TP2369</name>
  </trkpt>
  <trkpt lat="36.13729" lon="-81.76217">
    <name>TP2370</name>
  </trkpt>
  <trkpt lat="36.13727" lon="-81.76214">
    <name>TP2371</name>
  </trkpt>
  <trkpt lat="36.13725" lon="-81.76209">
    <name>TP2372</name>
  </trkpt>
  <trkpt lat="36.13725" lon="-81.76205">
    <name>TP2373</name>
  </trkpt>
  <trkpt lat="36.13725" lon="-81.76201">
    <name>TP2374</name>
  </trkpt>
  <trkpt lat="36.13725" lon="-81.76199">
    <name>TP2375</name>
  </trkpt>
  <trkpt lat="36.13726" lon="-81.76195">
    <name>TP2376</name>
  </trkpt>
  <trkpt lat="36.13727" lon="-81.76192">
    <name>TP2377</name>
  </trkpt>
  <trkpt lat="36.13731" lon="-81.76184">
    <name>TP2378</name>
  </trkpt>
  <trkpt lat="36.13735" lon="-81.76181">
    <name>TP2379</name>
  </trkpt>
  <trkpt lat="36.1374" lon="-81.76178">
    <name>TP2380</name>
  </trkpt>
  <trkpt lat="36.13748" lon="-81.76174">
    <name>TP2381</name>
  </trkpt>
  <trkpt lat="36.13752" lon="-81.76173">
    <name>TP2382</name>
  </trkpt>
  <trkpt lat="36.13762" lon="-81.76171">
    <name>TP2383</name>
  </trkpt>
  <trkpt lat="36.13769" lon="-81.76169">
    <name>TP2384</name>
  </trkpt>
  <trkpt lat="36.13776" lon="-81.76167">
    <name>TP2385</name>
  </trkpt>
  <trkpt lat="36.13787" lon="-81.76165">
    <name>TP2386</name>
  </trkpt>
  <trkpt lat="36.13798" lon="-81.76164">
    <name>TP2387</name>
  </trkpt>
  <trkpt lat="36.13801" lon="-81.76163">
    <name>TP2388</name>
  </trkpt>
  <trkpt lat="36.13805" lon="-81.76163">
    <name>TP2389</name>
  </trkpt>
  <trkpt lat="36.13807" lon="-81.76163">
    <name>TP2390</name>
  </trkpt>
  <trkpt lat="36.13816" lon="-81.76163">
    <name>TP2391</name>
  </trkpt>
  <trkpt lat="36.13819" lon="-81.76163">
    <name>TP2392</name>
  </trkpt>
  <trkpt lat="36.13823" lon="-81.76163">
    <name>TP2393</name>
  </trkpt>
  <trkpt lat="36.13826" lon="-81.76164">
    <name>TP2394</name>
  </trkpt>
  <trkpt lat="36.13836" lon="-81.76166">
    <name>TP2395</name>
  </trkpt>
  <trkpt lat="36.1384" lon="-81.76167">
    <name>TP2396</name>
  </trkpt>
  <trkpt lat="36.13845" lon="-81.76168">
    <name>TP2397</name>
  </trkpt>
  <trkpt lat="36.1385" lon="-81.76168">
    <name>TP2398</name>
  </trkpt>
  <trkpt lat="36.13854" lon="-81.76166">
    <name>TP2399</name>
  </trkpt>
  <trkpt lat="36.13858" lon="-81.76163">
    <name>TP2400</name>
  </trkpt>
  <trkpt lat="36.1386" lon="-81.76159">
    <name>TP2401</name>
  </trkpt>
  <trkpt lat="36.13863" lon="-81.76154">
    <name>TP2402</name>
  </trkpt>
  <trkpt lat="36.13863" lon="-81.76151">
    <name>TP2403</name>
  </trkpt>
  <trkpt lat="36.13863" lon="-81.76147">
    <name>TP2404</name>
  </trkpt>
  <trkpt lat="36.13862" lon="-81.76143">
    <name>TP2405</name>
  </trkpt>
  <trkpt lat="36.13856" lon="-81.76126">
    <name>TP2406</name>
  </trkpt>
  <trkpt lat="36.13855" lon="-81.76123">
    <name>TP2407</name>
  </trkpt>
  <trkpt lat="36.13852" lon="-81.76114">
    <name>TP2408</name>
  </trkpt>
  <trkpt lat="36.13849" lon="-81.76096">
    <name>TP2409</name>
  </trkpt>
  <trkpt lat="36.13848" lon="-81.76083">
    <name>TP2410</name>
  </trkpt>
  <trkpt lat="36.13848" lon="-81.7608">
    <name>TP2411</name>
  </trkpt>
  <trkpt lat="36.13849" lon="-81.76075">
    <name>TP2412</name>
  </trkpt>
  <trkpt lat="36.13852" lon="-81.76065">
    <name>TP2413</name>
  </trkpt>
  <trkpt lat="36.13854" lon="-81.76059">
    <name>TP2414</name>
  </trkpt>
  <trkpt lat="36.13855" lon="-81.76053">
    <name>TP2415</name>
  </trkpt>
  <trkpt lat="36.13859" lon="-81.76047">
    <name>TP2416</name>
  </trkpt>
  <trkpt lat="36.13861" lon="-81.76042">
    <name>TP2417</name>
  </trkpt>
  <trkpt lat="36.13862" lon="-81.76037">
    <name>TP2418</name>
  </trkpt>
  <trkpt lat="36.13863" lon="-81.76031">
    <name>TP2419</name>
  </trkpt>
  <trkpt lat="36.13862" lon="-81.76024">
    <name>TP2420</name>
  </trkpt>
  <trkpt lat="36.1386" lon="-81.76019">
    <name>TP2421</name>
  </trkpt>
  <trkpt lat="36.13858" lon="-81.76016">
    <name>TP2422</name>
  </trkpt>
  <trkpt lat="36.13855" lon="-81.76013">
    <name>TP2423</name>
  </trkpt>
  <trkpt lat="36.13846" lon="-81.76008">
    <name>TP2424</name>
  </trkpt>
  <trkpt lat="36.13845" lon="-81.76006">
    <name>TP2425</name>
  </trkpt>
  <trkpt lat="36.13842" lon="-81.76002">
    <name>TP2426</name>
  </trkpt>
  <trkpt lat="36.13837" lon="-81.75993">
    <name>TP2427</name>
  </trkpt>
  <trkpt lat="36.13835" lon="-81.75979">
    <name>TP2428</name>
  </trkpt>
  <trkpt lat="36.13833" lon="-81.7597">
    <name>TP2429</name>
  </trkpt>
  <trkpt lat="36.13831" lon="-81.75964">
    <name>TP2430</name>
  </trkpt>
  <trkpt lat="36.13829" lon="-81.75959">
    <name>TP2431</name>
  </trkpt>
  <trkpt lat="36.13826" lon="-81.75955">
    <name>TP2432</name>
  </trkpt>
  <trkpt lat="36.13823" lon="-81.75951">
    <name>TP2433</name>
  </trkpt>
  <trkpt lat="36.13819" lon="-81.75948">
    <name>TP2434</name>
  </trkpt>
  <trkpt lat="36.13815" lon="-81.75945">
    <name>TP2435</name>
  </trkpt>
  <trkpt lat="36.13811" lon="-81.7594">
    <name>TP2436</name>
  </trkpt>
  <trkpt lat="36.13809" lon="-81.75935">
    <name>TP2437</name>
  </trkpt>
  <trkpt lat="36.13806" lon="-81.75928">
    <name>TP2438</name>
  </trkpt>
  <trkpt lat="36.13806" lon="-81.75923">
    <name>TP2439</name>
  </trkpt>
  <trkpt lat="36.13806" lon="-81.75911">
    <name>TP2440</name>
  </trkpt>
  <trkpt lat="36.13807" lon="-81.75899">
    <name>TP2441</name>
  </trkpt>
  <trkpt lat="36.13808" lon="-81.75866">
    <name>TP2442</name>
  </trkpt>
  <trkpt lat="36.1381" lon="-81.75842">
    <name>TP2443</name>
  </trkpt>
  <trkpt lat="36.13812" lon="-81.75826">
    <name>TP2444</name>
  </trkpt>
  <trkpt lat="36.13816" lon="-81.75812">
    <name>TP2445</name>
  </trkpt>
  <trkpt lat="36.13819" lon="-81.75804">
    <name>TP2446</name>
  </trkpt>
  <trkpt lat="36.13822" lon="-81.75798">
    <name>TP2447</name>
  </trkpt>
  <trkpt lat="36.13826" lon="-81.75794">
    <name>TP2448</name>
  </trkpt>
  <trkpt lat="36.13831" lon="-81.75789">
    <name>TP2449</name>
  </trkpt>
  <trkpt lat="36.13833" lon="-81.75787">
    <name>TP2450</name>
  </trkpt>
  <trkpt lat="36.13862" lon="-81.75761">
    <name>TP2451</name>
  </trkpt>
  <trkpt lat="36.13867" lon="-81.75755">
    <name>TP2452</name>
  </trkpt>
  <trkpt lat="36.13869" lon="-81.75748">
    <name>TP2453</name>
  </trkpt>
  <trkpt lat="36.13871" lon="-81.75742">
    <name>TP2454</name>
  </trkpt>
  <trkpt lat="36.13872" lon="-81.75734">
    <name>TP2455</name>
  </trkpt>
  <trkpt lat="36.13873" lon="-81.7572">
    <name>TP2456</name>
  </trkpt>
  <trkpt lat="36.13873" lon="-81.75719">
    <name>TP2457</name>
  </trkpt>
  <trkpt lat="36.13873" lon="-81.7571">
    <name>TP2458</name>
  </trkpt>
  <trkpt lat="36.13874" lon="-81.757">
    <name>TP2459</name>
  </trkpt>
  <trkpt lat="36.13875" lon="-81.75698">
    <name>TP2460</name>
  </trkpt>
  <trkpt lat="36.13876" lon="-81.75694">
    <name>TP2461</name>
  </trkpt>
  <trkpt lat="36.13878" lon="-81.7569">
    <name>TP2462</name>
  </trkpt>
  <trkpt lat="36.13881" lon="-81.75687">
    <name>TP2463</name>
  </trkpt>
  <trkpt lat="36.13884" lon="-81.75686">
    <name>TP2464</name>
  </trkpt>
  <trkpt lat="36.13888" lon="-81.75684">
    <name>TP2465</name>
  </trkpt>
  <trkpt lat="36.13891" lon="-81.75684">
    <name>TP2466</name>
  </trkpt>
  <trkpt lat="36.13894" lon="-81.75684">
    <name>TP2467</name>
  </trkpt>
  <trkpt lat="36.13898" lon="-81.75686">
    <name>TP2468</name>
  </trkpt>
  <trkpt lat="36.13902" lon="-81.75688">
    <name>TP2469</name>
  </trkpt>
  <trkpt lat="36.13905" lon="-81.7569">
    <name>TP2470</name>
  </trkpt>
  <trkpt lat="36.13913" lon="-81.75699">
    <name>TP2471</name>
  </trkpt>
  <trkpt lat="36.13921" lon="-81.7571">
    <name>TP2472</name>
  </trkpt>
  <trkpt lat="36.13926" lon="-81.75715">
    <name>TP2473</name>
  </trkpt>
  <trkpt lat="36.13932" lon="-81.75719">
    <name>TP2474</name>
  </trkpt>
  <trkpt lat="36.13936" lon="-81.75721">
    <name>TP2475</name>
  </trkpt>
  <trkpt lat="36.13948" lon="-81.75727">
    <name>TP2476</name>
  </trkpt>
  <trkpt lat="36.13949" lon="-81.75727">
    <name>TP2477</name>
  </trkpt>
  <trkpt lat="36.13965" lon="-81.75731">
    <name>TP2478</name>
  </trkpt>
  <trkpt lat="36.13978" lon="-81.75731">
    <name>TP2479</name>
  </trkpt>
  <trkpt lat="36.1397809" lon="-81.7573054">
    <name>TP2480</name>
  </trkpt>
  <trkpt lat="36.13978" lon="-81.75717">
    <name>TP2481</name>
  </trkpt>
  <trkpt lat="36.13978" lon="-81.75713">
    <name>TP2482</name>
  </trkpt>
  <trkpt lat="36.13978" lon="-81.75708">
    <name>TP2483</name>
  </trkpt>
  <trkpt lat="36.13985" lon="-81.7569">
    <name>TP2484</name>
  </trkpt>
  <trkpt lat="36.13996" lon="-81.75678">
    <name>TP2485</name>
  </trkpt>
  <trkpt lat="36.13997" lon="-81.75677">
    <name>TP2486</name>
  </trkpt>
  <trkpt lat="36.14005" lon="-81.75673">
    <name>TP2487</name>
  </trkpt>
  <trkpt lat="36.14013" lon="-81.75668">
    <name>TP2488</name>
  </trkpt>
  <trkpt lat="36.1401302" lon="-81.7566833">
    <name>TP2489</name>
  </trkpt>
  <trkpt lat="36.1401" lon="-81.75648">
    <name>TP2490</name>
  </trkpt>
  <trkpt lat="36.14007" lon="-81.75626">
    <name>TP2491</name>
  </trkpt>
  <trkpt lat="36.14003" lon="-81.75601">
    <name>TP2492</name>
  </trkpt>
  <trkpt lat="36.14002" lon="-81.75592">
    <name>TP2493</name>
  </trkpt>
  <trkpt lat="36.14004" lon="-81.75586">
    <name>TP2494</name>
  </trkpt>
  <trkpt lat="36.14005" lon="-81.75583">
    <name>TP2495</name>
  </trkpt>
  <trkpt lat="36.14007" lon="-81.7558">
    <name>TP2496</name>
  </trkpt>
  <trkpt lat="36.14016" lon="-81.75565">
    <name>TP2497</name>
  </trkpt>
  <trkpt lat="36.14027" lon="-81.75548">
    <name>TP2498</name>
  </trkpt>
  <trkpt lat="36.14039" lon="-81.75531">
    <name>TP2499</name>
  </trkpt>
  <trkpt lat="36.14039" lon="-81.7553">
    <name>TP2500</name>
  </trkpt>
  <trkpt lat="36.14052" lon="-81.75508">
    <name>TP2501</name>
  </trkpt>
  <trkpt lat="36.1406" lon="-81.75494">
    <name>TP2502</name>
  </trkpt>
  <trkpt lat="36.14062" lon="-81.7549">
    <name>TP2503</name>
  </trkpt>
  <trkpt lat="36.14068" lon="-81.75475">
    <name>TP2504</name>
  </trkpt>
  <trkpt lat="36.14069" lon="-81.75472">
    <name>TP2505</name>
  </trkpt>
  <trkpt lat="36.14073" lon="-81.75454">
    <name>TP2506</name>
  </trkpt>
  <trkpt lat="36.14074" lon="-81.75447">
    <name>TP2507</name>
  </trkpt>
  <trkpt lat="36.14076" lon="-81.75432">
    <name>TP2508</name>
  </trkpt>
  <trkpt lat="36.14078" lon="-81.75409">
    <name>TP2509</name>
  </trkpt>
  <trkpt lat="36.14078" lon="-81.75404">
    <name>TP2510</name>
  </trkpt>
  <trkpt lat="36.14078" lon="-81.75387">
    <name>TP2511</name>
  </trkpt>
  <trkpt lat="36.1407826" lon="-81.7538743">
    <name>TP2512</name>
  </trkpt>
  <trkpt lat="36.14078" lon="-81.75386">
    <name>TP2513</name>
  </trkpt>
  <trkpt lat="36.14067" lon="-81.75375">
    <name>TP2514</name>
  </trkpt>
  <trkpt lat="36.14052" lon="-81.75359">
    <name>TP2515</name>
  </trkpt>
  <trkpt lat="36.14041" lon="-81.75344">
    <name>TP2516</name>
  </trkpt>
  <trkpt lat="36.14029" lon="-81.75328">
    <name>TP2517</name>
  </trkpt>
  <trkpt lat="36.14017" lon="-81.75311">
    <name>TP2518</name>
  </trkpt>
  <trkpt lat="36.14015" lon="-81.75309">
    <name>TP2519</name>
  </trkpt>
  <trkpt lat="36.14005" lon="-81.75295">
    <name>TP2520</name>
  </trkpt>
  <trkpt lat="36.13992" lon="-81.75279">
    <name>TP2521</name>
  </trkpt>
  <trkpt lat="36.13986" lon="-81.7527">
    <name>TP2522</name>
  </trkpt>
  <trkpt lat="36.13981" lon="-81.75262">
    <name>TP2523</name>
  </trkpt>
  <trkpt lat="36.1397" lon="-81.75244">
    <name>TP2524</name>
  </trkpt>
  <trkpt lat="36.13966" lon="-81.75237">
    <name>TP2525</name>
  </trkpt>
  <trkpt lat="36.13959" lon="-81.75227">
    <name>TP2526</name>
  </trkpt>
  <trkpt lat="36.13938" lon="-81.75198">
    <name>TP2527</name>
  </trkpt>
  <trkpt lat="36.13934" lon="-81.75194">
    <name>TP2528</name>
  </trkpt>
  <trkpt lat="36.1392" lon="-81.7518">
    <name>TP2529</name>
  </trkpt>
  <trkpt lat="36.13907" lon="-81.75167">
    <name>TP2530</name>
  </trkpt>
  <trkpt lat="36.13907" lon="-81.75166">
    <name>TP2531</name>
  </trkpt>
  <trkpt lat="36.13894" lon="-81.7515">
    <name>TP2532</name>
  </trkpt>
  <trkpt lat="36.13886" lon="-81.75139">
    <name>TP2533</name>
  </trkpt>
  <trkpt lat="36.13884" lon="-81.75132">
    <name>TP2534</name>
  </trkpt>
  <trkpt lat="36.13873" lon="-81.75101">
    <name>TP2535</name>
  </trkpt>
  <trkpt lat="36.13867" lon="-81.75093">
    <name>TP2536</name>
  </trkpt>
  <trkpt lat="36.13855" lon="-81.75076">
    <name>TP2537</name>
  </trkpt>
  <trkpt lat="36.13854" lon="-81.75075">
    <name>TP2538</name>
  </trkpt>
  <trkpt lat="36.1385" lon="-81.75012">
    <name>TP2539</name>
  </trkpt>
  <trkpt lat="36.13849" lon="-81.7501">
    <name>TP2540</name>
  </trkpt>
  <trkpt lat="36.13845" lon="-81.74989">
    <name>TP2541</name>
  </trkpt>
  <trkpt lat="36.13841" lon="-81.74972">
    <name>TP2542</name>
  </trkpt>
  <trkpt lat="36.1384" lon="-81.74967">
    <name>TP2543</name>
  </trkpt>
  <trkpt lat="36.13838" lon="-81.74945">
    <name>TP2544</name>
  </trkpt>
  <trkpt lat="36.13836" lon="-81.74921">
    <name>TP2545</name>
  </trkpt>
  <trkpt lat="36.13835" lon="-81.74909">
    <name>TP2546</name>
  </trkpt>
  <trkpt lat="36.13838" lon="-81.74902">
    <name>TP2547</name>
  </trkpt>
  <trkpt lat="36.13841" lon="-81.74894">
    <name>TP2548</name>
  </trkpt>
  <trkpt lat="36.13847" lon="-81.74883">
    <name>TP2549</name>
  </trkpt>
  <trkpt lat="36.13853" lon="-81.74873">
    <name>TP2550</name>
  </trkpt>
  <trkpt lat="36.13851" lon="-81.74863">
    <name>TP2551</name>
  </trkpt>
  <trkpt lat="36.13845" lon="-81.74842">
    <name>TP2552</name>
  </trkpt>
  <trkpt lat="36.13842" lon="-81.74829">
    <name>TP2553</name>
  </trkpt>
  <trkpt lat="36.13844" lon="-81.7482">
    <name>TP2554</name>
  </trkpt>
  <trkpt lat="36.13849" lon="-81.74799">
    <name>TP2555</name>
  </trkpt>
  <trkpt lat="36.13849" lon="-81.74796">
    <name>TP2556</name>
  </trkpt>
  <trkpt lat="36.13862" lon="-81.74776">
    <name>TP2557</name>
  </trkpt>
  <trkpt lat="36.13885" lon="-81.74762">
    <name>TP2558</name>
  </trkpt>
  <trkpt lat="36.13889" lon="-81.74758">
    <name>TP2559</name>
  </trkpt>
  <trkpt lat="36.13903" lon="-81.74744">
    <name>TP2560</name>
  </trkpt>
  <trkpt lat="36.13907" lon="-81.7474">
    <name>TP2561</name>
  </trkpt>
  <trkpt lat="36.13918" lon="-81.74731">
    <name>TP2562</name>
  </trkpt>
  <trkpt lat="36.13933" lon="-81.7472">
    <name>TP2563</name>
  </trkpt>
  <trkpt lat="36.13947" lon="-81.74718">
    <name>TP2564</name>
  </trkpt>
  <trkpt lat="36.13951" lon="-81.74719">
    <name>TP2565</name>
  </trkpt>
  <trkpt lat="36.13968" lon="-81.74725">
    <name>TP2566</name>
  </trkpt>
  <trkpt lat="36.13973" lon="-81.74727">
    <name>TP2567</name>
  </trkpt>
  <trkpt lat="36.13992" lon="-81.74731">
    <name>TP2568</name>
  </trkpt>
  <trkpt lat="36.14002" lon="-81.74723">
    <name>TP2569</name>
  </trkpt>
  <trkpt lat="36.13996" lon="-81.74703">
    <name>TP2570</name>
  </trkpt>
  <trkpt lat="36.13991" lon="-81.74684">
    <name>TP2571</name>
  </trkpt>
  <trkpt lat="36.1399" lon="-81.74682">
    <name>TP2572</name>
  </trkpt>
  <trkpt lat="36.13987" lon="-81.74642">
    <name>TP2573</name>
  </trkpt>
  <trkpt lat="36.14006" lon="-81.74635">
    <name>TP2574</name>
  </trkpt>
  <trkpt lat="36.14007" lon="-81.74633">
    <name>TP2575</name>
  </trkpt>
  <trkpt lat="36.14016" lon="-81.74613">
    <name>TP2576</name>
  </trkpt>
  <trkpt lat="36.14021" lon="-81.74604">
    <name>TP2577</name>
  </trkpt>
  <trkpt lat="36.14025" lon="-81.74594">
    <name>TP2578</name>
  </trkpt>
  <trkpt lat="36.14044" lon="-81.74556">
    <name>TP2579</name>
  </trkpt>
  <trkpt lat="36.14047" lon="-81.74551">
    <name>TP2580</name>
  </trkpt>
  <trkpt lat="36.14054" lon="-81.74538">
    <name>TP2581</name>
  </trkpt>
  <trkpt lat="36.1406" lon="-81.74529">
    <name>TP2582</name>
  </trkpt>
  <trkpt lat="36.14059" lon="-81.74518">
    <name>TP2583</name>
  </trkpt>
  <trkpt lat="36.14058" lon="-81.74496">
    <name>TP2584</name>
  </trkpt>
  <trkpt lat="36.14058" lon="-81.74492">
    <name>TP2585</name>
  </trkpt>
  <trkpt lat="36.1405" lon="-81.74452">
    <name>TP2586</name>
  </trkpt>
  <trkpt lat="36.1405" lon="-81.74447">
    <name>TP2587</name>
  </trkpt>
  <trkpt lat="36.1405" lon="-81.7443">
    <name>TP2588</name>
  </trkpt>
  <trkpt lat="36.1405" lon="-81.74427">
    <name>TP2589</name>
  </trkpt>
  <trkpt lat="36.14058" lon="-81.74421">
    <name>TP2590</name>
  </trkpt>
  <trkpt lat="36.14064" lon="-81.74419">
    <name>TP2591</name>
  </trkpt>
  <trkpt lat="36.14083" lon="-81.7441">
    <name>TP2592</name>
  </trkpt>
  <trkpt lat="36.14097" lon="-81.74403">
    <name>TP2593</name>
  </trkpt>
  <trkpt lat="36.14111" lon="-81.74397">
    <name>TP2594</name>
  </trkpt>
  <trkpt lat="36.14114" lon="-81.74398">
    <name>TP2595</name>
  </trkpt>
  <trkpt lat="36.14133" lon="-81.74404">
    <name>TP2596</name>
  </trkpt>
  <trkpt lat="36.14149" lon="-81.74396">
    <name>TP2597</name>
  </trkpt>
  <trkpt lat="36.1414869" lon="-81.7439605">
    <name>TP2598</name>
  </trkpt>
  <trkpt lat="36.14147" lon="-81.74382">
    <name>TP2599</name>
  </trkpt>
  <trkpt lat="36.14147" lon="-81.74374">
    <name>TP2600</name>
  </trkpt>
  <trkpt lat="36.14147" lon="-81.74352">
    <name>TP2601</name>
  </trkpt>
  <trkpt lat="36.14146" lon="-81.74329">
    <name>TP2602</name>
  </trkpt>
  <trkpt lat="36.14146" lon="-81.74314">
    <name>TP2603</name>
  </trkpt>
  <trkpt lat="36.14147" lon="-81.74307">
    <name>TP2604</name>
  </trkpt>
  <trkpt lat="36.14148" lon="-81.74285">
    <name>TP2605</name>
  </trkpt>
  <trkpt lat="36.1415" lon="-81.74263">
    <name>TP2606</name>
  </trkpt>
  <trkpt lat="36.14151" lon="-81.74253">
    <name>TP2607</name>
  </trkpt>
  <trkpt lat="36.14137" lon="-81.74212">
    <name>TP2608</name>
  </trkpt>
  <trkpt lat="36.14135" lon="-81.742">
    <name>TP2609</name>
  </trkpt>
  <trkpt lat="36.14131" lon="-81.74179">
    <name>TP2610</name>
  </trkpt>
  <trkpt lat="36.14131" lon="-81.74178">
    <name>TP2611</name>
  </trkpt>
  <trkpt lat="36.14119" lon="-81.74149">
    <name>TP2612</name>
  </trkpt>
  <trkpt lat="36.14109" lon="-81.74139">
    <name>TP2613</name>
  </trkpt>
  <trkpt lat="36.14101" lon="-81.74132">
    <name>TP2614</name>
  </trkpt>
  <trkpt lat="36.14093" lon="-81.74122">
    <name>TP2615</name>
  </trkpt>
  <trkpt lat="36.1408" lon="-81.74107">
    <name>TP2616</name>
  </trkpt>
  <trkpt lat="36.14067" lon="-81.74091">
    <name>TP2617</name>
  </trkpt>
  <trkpt lat="36.14051" lon="-81.74072">
    <name>TP2618</name>
  </trkpt>
  <trkpt lat="36.14034" lon="-81.74039">
    <name>TP2619</name>
  </trkpt>
  <trkpt lat="36.14025" lon="-81.7402">
    <name>TP2620</name>
  </trkpt>
  <trkpt lat="36.14015" lon="-81.74001">
    <name>TP2621</name>
  </trkpt>
  <trkpt lat="36.1401" lon="-81.73992">
    <name>TP2622</name>
  </trkpt>
  <trkpt lat="36.13988" lon="-81.73974">
    <name>TP2623</name>
  </trkpt>
  <trkpt lat="36.13972" lon="-81.73967">
    <name>TP2624</name>
  </trkpt>
  <trkpt lat="36.13972" lon="-81.73966">
    <name>TP2625</name>
  </trkpt>
  <trkpt lat="36.13965" lon="-81.73945">
    <name>TP2626</name>
  </trkpt>
  <trkpt lat="36.13962" lon="-81.73935">
    <name>TP2627</name>
  </trkpt>
  <trkpt lat="36.13957" lon="-81.73925">
    <name>TP2628</name>
  </trkpt>
  <trkpt lat="36.13955" lon="-81.7392">
    <name>TP2629</name>
  </trkpt>
  <trkpt lat="36.13941" lon="-81.73927">
    <name>TP2630</name>
  </trkpt>
  <trkpt lat="36.13934" lon="-81.73949">
    <name>TP2631</name>
  </trkpt>
  <trkpt lat="36.13933" lon="-81.73965">
    <name>TP2632</name>
  </trkpt>
  <trkpt lat="36.13931" lon="-81.73964">
    <name>TP2633</name>
  </trkpt>
  <trkpt lat="36.13919" lon="-81.73961">
    <name>TP2634</name>
  </trkpt>
  <trkpt lat="36.13915" lon="-81.73955">
    <name>TP2635</name>
  </trkpt>
  <trkpt lat="36.13906" lon="-81.73944">
    <name>TP2636</name>
  </trkpt>
  <trkpt lat="36.13903" lon="-81.73939">
    <name>TP2637</name>
  </trkpt>
  <trkpt lat="36.13893" lon="-81.73922">
    <name>TP2638</name>
  </trkpt>
  <trkpt lat="36.13889" lon="-81.73912">
    <name>TP2639</name>
  </trkpt>
  <trkpt lat="36.13897" lon="-81.73905">
    <name>TP2640</name>
  </trkpt>
  <trkpt lat="36.13904" lon="-81.73899">
    <name>TP2641</name>
  </trkpt>
  <trkpt lat="36.13903" lon="-81.73888">
    <name>TP2642</name>
  </trkpt>
  <trkpt lat="36.13902" lon="-81.73883">
    <name>TP2643</name>
  </trkpt>
  <trkpt lat="36.13894" lon="-81.73868">
    <name>TP2644</name>
  </trkpt>
  <trkpt lat="36.13884" lon="-81.7385">
    <name>TP2645</name>
  </trkpt>
  <trkpt lat="36.13883" lon="-81.73846">
    <name>TP2646</name>
  </trkpt>
  <trkpt lat="36.13875" lon="-81.73831">
    <name>TP2647</name>
  </trkpt>
  <trkpt lat="36.13869" lon="-81.73818">
    <name>TP2648</name>
  </trkpt>
  <trkpt lat="36.13865" lon="-81.73812">
    <name>TP2649</name>
  </trkpt>
  <trkpt lat="36.13857" lon="-81.73798">
    <name>TP2650</name>
  </trkpt>
  <trkpt lat="36.1386" lon="-81.73794">
    <name>TP2651</name>
  </trkpt>
  <trkpt lat="36.13869" lon="-81.73774">
    <name>TP2652</name>
  </trkpt>
  <trkpt lat="36.13875" lon="-81.73761">
    <name>TP2653</name>
  </trkpt>
  <trkpt lat="36.13879" lon="-81.73756">
    <name>TP2654</name>
  </trkpt>
  <trkpt lat="36.13898" lon="-81.73732">
    <name>TP2655</name>
  </trkpt>
  <trkpt lat="36.13901" lon="-81.73722">
    <name>TP2656</name>
  </trkpt>
  <trkpt lat="36.13903" lon="-81.73716">
    <name>TP2657</name>
  </trkpt>
  <trkpt lat="36.13915" lon="-81.73714">
    <name>TP2658</name>
  </trkpt>
  <trkpt lat="36.13933" lon="-81.73712">
    <name>TP2659</name>
  </trkpt>
  <trkpt lat="36.13943" lon="-81.7371">
    <name>TP2660</name>
  </trkpt>
  <trkpt lat="36.13943" lon="-81.73701">
    <name>TP2661</name>
  </trkpt>
  <trkpt lat="36.13942" lon="-81.73679">
    <name>TP2662</name>
  </trkpt>
  <trkpt lat="36.13941" lon="-81.73672">
    <name>TP2663</name>
  </trkpt>
  <trkpt lat="36.13945" lon="-81.73612">
    <name>TP2664</name>
  </trkpt>
  <trkpt lat="36.13946" lon="-81.7359">
    <name>TP2665</name>
  </trkpt>
  <trkpt lat="36.13947" lon="-81.73568">
    <name>TP2666</name>
  </trkpt>
  <trkpt lat="36.13948" lon="-81.73566">
    <name>TP2667</name>
  </trkpt>
  <trkpt lat="36.13951" lon="-81.73546">
    <name>TP2668</name>
  </trkpt>
  <trkpt lat="36.13954" lon="-81.73524">
    <name>TP2669</name>
  </trkpt>
  <trkpt lat="36.13959" lon="-81.73492">
    <name>TP2670</name>
  </trkpt>
  <trkpt lat="36.13986" lon="-81.73492">
    <name>TP2671</name>
  </trkpt>
  <trkpt lat="36.13987" lon="-81.73492">
    <name>TP2672</name>
  </trkpt>
  <trkpt lat="36.14003" lon="-81.73482">
    <name>TP2673</name>
  </trkpt>
  <trkpt lat="36.14014" lon="-81.73475">
    <name>TP2674</name>
  </trkpt>
  <trkpt lat="36.14017" lon="-81.7347">
    <name>TP2675</name>
  </trkpt>
  <trkpt lat="36.14032" lon="-81.73441">
    <name>TP2676</name>
  </trkpt>
  <trkpt lat="36.14033" lon="-81.73431">
    <name>TP2677</name>
  </trkpt>
  <trkpt lat="36.14033" lon="-81.73409">
    <name>TP2678</name>
  </trkpt>
  <trkpt lat="36.14033" lon="-81.73403">
    <name>TP2679</name>
  </trkpt>
  <trkpt lat="36.14036" lon="-81.73387">
    <name>TP2680</name>
  </trkpt>
  <trkpt lat="36.14039" lon="-81.73365">
    <name>TP2681</name>
  </trkpt>
  <trkpt lat="36.14039" lon="-81.7336">
    <name>TP2682</name>
  </trkpt>
  <trkpt lat="36.14046" lon="-81.73345">
    <name>TP2683</name>
  </trkpt>
  <trkpt lat="36.14048" lon="-81.73341">
    <name>TP2684</name>
  </trkpt>
  <trkpt lat="36.14071" lon="-81.73316">
    <name>TP2685</name>
  </trkpt>
  <trkpt lat="36.14072" lon="-81.73314">
    <name>TP2686</name>
  </trkpt>
  <trkpt lat="36.14077" lon="-81.73275">
    <name>TP2687</name>
  </trkpt>
  <trkpt lat="36.14076" lon="-81.7327">
    <name>TP2688</name>
  </trkpt>
  <trkpt lat="36.14073" lon="-81.73248">
    <name>TP2689</name>
  </trkpt>
  <trkpt lat="36.14072" lon="-81.73241">
    <name>TP2690</name>
  </trkpt>
  <trkpt lat="36.14066" lon="-81.73227">
    <name>TP2691</name>
  </trkpt>
  <trkpt lat="36.1406" lon="-81.73213">
    <name>TP2692</name>
  </trkpt>
  <trkpt lat="36.14044" lon="-81.73193">
    <name>TP2693</name>
  </trkpt>
  <trkpt lat="36.14043" lon="-81.7319">
    <name>TP2694</name>
  </trkpt>
  <trkpt lat="36.14029" lon="-81.73152">
    <name>TP2695</name>
  </trkpt>
  <trkpt lat="36.14022" lon="-81.73132">
    <name>TP2696</name>
  </trkpt>
  <trkpt lat="36.14014" lon="-81.73112">
    <name>TP2697</name>
  </trkpt>
  <trkpt lat="36.14" lon="-81.73071">
    <name>TP2698</name>
  </trkpt>
  <trkpt lat="36.13998" lon="-81.73067">
    <name>TP2699</name>
  </trkpt>
  <trkpt lat="36.13988" lon="-81.73029">
    <name>TP2700</name>
  </trkpt>
  <trkpt lat="36.13983" lon="-81.73007">
    <name>TP2701</name>
  </trkpt>
  <trkpt lat="36.13974" lon="-81.72942">
    <name>TP2702</name>
  </trkpt>
  <trkpt lat="36.13972" lon="-81.72922">
    <name>TP2703</name>
  </trkpt>
  <trkpt lat="36.13971" lon="-81.7292">
    <name>TP2704</name>
  </trkpt>
  <trkpt lat="36.13965" lon="-81.72876">
    <name>TP2705</name>
  </trkpt>
  <trkpt lat="36.13964" lon="-81.72868">
    <name>TP2706</name>
  </trkpt>
  <trkpt lat="36.13965" lon="-81.72854">
    <name>TP2707</name>
  </trkpt>
  <trkpt lat="36.13967" lon="-81.72832">
    <name>TP2708</name>
  </trkpt>
  <trkpt lat="36.13968" lon="-81.72809">
    <name>TP2709</name>
  </trkpt>
  <trkpt lat="36.13967" lon="-81.72805">
    <name>TP2710</name>
  </trkpt>
  <trkpt lat="36.13966" lon="-81.72792">
    <name>TP2711</name>
  </trkpt>
  <trkpt lat="36.13965" lon="-81.72768">
    <name>TP2712</name>
  </trkpt>
  <trkpt lat="36.13966" lon="-81.72738">
    <name>TP2713</name>
  </trkpt>
  <trkpt lat="36.1396553" lon="-81.7273843">
    <name>TP2714</name>
  </trkpt>
  <trkpt lat="36.1395" lon="-81.72735">
    <name>TP2715</name>
  </trkpt>
  <trkpt lat="36.13942" lon="-81.72735">
    <name>TP2716</name>
  </trkpt>
  <trkpt lat="36.13938" lon="-81.72735">
    <name>TP2717</name>
  </trkpt>
  <trkpt lat="36.1393836" lon="-81.7273511">
    <name>TP2718</name>
  </trkpt>
  <trkpt lat="36.1393836" lon="-81.7273511">
    <name>TP2719</name>
  </trkpt>
  <trkpt lat="36.1393836" lon="-81.7273511">
    <name>TP2720</name>
  </trkpt>
  </trkseg>
</trk>
</gpx>